-- MySQL dump 10.13  Distrib 5.7.26, for osx10.9 (x86_64)
--
-- Host: localhost    Database: b2
-- ------------------------------------------------------
-- Server version	5.7.26

/*!40101 SET @OLD_CHARACTER_SET_CLIENT=@@CHARACTER_SET_CLIENT */;
/*!40101 SET @OLD_CHARACTER_SET_RESULTS=@@CHARACTER_SET_RESULTS */;
/*!40101 SET @OLD_COLLATION_CONNECTION=@@COLLATION_CONNECTION */;
/*!40101 SET NAMES utf8 */;
/*!40103 SET @OLD_TIME_ZONE=@@TIME_ZONE */;
/*!40103 SET TIME_ZONE='+00:00' */;
/*!40014 SET @OLD_UNIQUE_CHECKS=@@UNIQUE_CHECKS, UNIQUE_CHECKS=0 */;
/*!40014 SET @OLD_FOREIGN_KEY_CHECKS=@@FOREIGN_KEY_CHECKS, FOREIGN_KEY_CHECKS=0 */;
/*!40101 SET @OLD_SQL_MODE=@@SQL_MODE, SQL_MODE='NO_AUTO_VALUE_ON_ZERO' */;
/*!40111 SET @OLD_SQL_NOTES=@@SQL_NOTES, SQL_NOTES=0 */;

--
-- Table structure for table `fakeroom`
--

DROP TABLE IF EXISTS `fakeroom`;
/*!40101 SET @saved_cs_client     = @@character_set_client */;
/*!40101 SET character_set_client = utf8 */;
CREATE TABLE `fakeroom` (
  `fakeno` int(11) NOT NULL AUTO_INCREMENT COMMENT '허위매물의 고유 일련번호',
  `regdate` datetime NOT NULL,
  `reason` text NOT NULL,
  `roomno` int(11) NOT NULL,
  `userno` int(11) NOT NULL,
  `singo` int(11) DEFAULT NULL,
  PRIMARY KEY (`fakeno`),
  KEY `fk_fakeroom_room1_idx` (`roomno`),
  KEY `fk_fakeroom_user1_idx` (`userno`),
  CONSTRAINT `fk_fakeroom_room1` FOREIGN KEY (`roomno`) REFERENCES `room` (`roomno`) ON DELETE CASCADE ON UPDATE CASCADE,
  CONSTRAINT `fk_fakeroom_user1` FOREIGN KEY (`userno`) REFERENCES `user` (`userno`) ON DELETE CASCADE ON UPDATE CASCADE
) ENGINE=InnoDB AUTO_INCREMENT=43 DEFAULT CHARSET=utf8;
/*!40101 SET character_set_client = @saved_cs_client */;

--
-- Dumping data for table `fakeroom`
--

LOCK TABLES `fakeroom` WRITE;
/*!40000 ALTER TABLE `fakeroom` DISABLE KEYS */;
INSERT INTO `fakeroom` VALUES (1,'2019-12-08 00:00:00','1',16,1,2),(2,'2019-12-21 00:00:00','2',17,1,3),(3,'2020-01-05 00:00:00','3',18,11,5),(4,'2019-11-26 00:00:00','4',19,25,4),(5,'2019-12-06 00:00:00','5',20,9,1),(8,'2019-12-05 00:00:00','2',23,26,3),(9,'2019-12-31 00:00:00','4',24,2,8),(10,'2019-12-08 00:00:00','5',25,28,36),(11,'2019-11-17 00:00:00','1',26,12,11),(13,'2019-11-12 00:00:00','2',28,22,14),(14,'2019-12-20 00:00:00','3',29,4,14),(15,'2019-11-20 00:00:00','4',30,6,14),(32,'2019-12-20 18:39:25','3',20,7,14),(33,'2019-12-20 19:30:07','3',2,47,23),(35,'2019-12-23 10:04:05','4',7,9,43),(37,'2019-12-23 14:48:04','3',2,47,1),(40,'2019-12-23 14:56:43','1',5,41,50),(41,'2019-12-23 15:00:01','1',5,41,1),(42,'2020-01-05 22:50:39','3',331,110,110);
/*!40000 ALTER TABLE `fakeroom` ENABLE KEYS */;
UNLOCK TABLES;

--
-- Table structure for table `heart`
--

DROP TABLE IF EXISTS `heart`;
/*!40101 SET @saved_cs_client     = @@character_set_client */;
/*!40101 SET character_set_client = utf8 */;
CREATE TABLE `heart` (
  `heartno` int(11) NOT NULL AUTO_INCREMENT COMMENT '좋아요의 일련번호',
  `regdate` datetime NOT NULL COMMENT '좋아요 클릭 일자',
  `roomno` int(11) NOT NULL,
  `userno` int(11) NOT NULL,
  PRIMARY KEY (`heartno`),
  KEY `fk_heart_room1_idx` (`roomno`),
  KEY `fk_heart_user1_idx` (`userno`),
  CONSTRAINT `fk_heart_room1` FOREIGN KEY (`roomno`) REFERENCES `room` (`roomno`) ON DELETE CASCADE ON UPDATE CASCADE,
  CONSTRAINT `fk_heart_user1` FOREIGN KEY (`userno`) REFERENCES `user` (`userno`) ON DELETE CASCADE ON UPDATE CASCADE
) ENGINE=InnoDB AUTO_INCREMENT=102 DEFAULT CHARSET=utf8;
/*!40101 SET character_set_client = @saved_cs_client */;

--
-- Dumping data for table `heart`
--

LOCK TABLES `heart` WRITE;
/*!40000 ALTER TABLE `heart` DISABLE KEYS */;
INSERT INTO `heart` VALUES (12,'2019-10-03 00:00:00',2,2),(15,'2019-09-27 00:00:00',5,2),(17,'2019-12-06 00:00:00',7,2),(18,'2019-12-16 00:00:00',8,26),(22,'2019-12-12 00:00:00',7,17),(23,'2019-12-24 00:00:00',8,8),(27,'2019-12-09 00:00:00',2,24),(28,'2019-12-17 00:00:00',3,20),(29,'2019-11-27 00:00:00',11,12),(31,'2019-11-14 00:00:00',13,15),(32,'2019-12-04 00:00:00',14,24),(34,'2019-12-27 09:29:14',2,3),(98,'2019-12-31 15:41:42',7,1),(99,'2019-12-31 15:43:56',2,1),(101,'2020-01-05 22:50:51',331,110);
/*!40000 ALTER TABLE `heart` ENABLE KEYS */;
UNLOCK TABLES;

--
-- Table structure for table `image`
--

DROP TABLE IF EXISTS `image`;
/*!40101 SET @saved_cs_client     = @@character_set_client */;
/*!40101 SET character_set_client = utf8 */;
CREATE TABLE `image` (
  `imageno` int(11) NOT NULL AUTO_INCREMENT COMMENT '첨부파일의 일련번호',
  `originName` varchar(255) NOT NULL,
  `fieldName` varchar(255) NOT NULL,
  `filePath` varchar(255) NOT NULL COMMENT '업로드 된 폴더 경로',
  `contentType` varchar(50) NOT NULL COMMENT '파일형식',
  `fileSize` int(11) NOT NULL COMMENT '파일크기',
  `fileName` varchar(255) NOT NULL,
  `regDate` datetime NOT NULL COMMENT '등록일시',
  `editDate` datetime NOT NULL COMMENT '변경일시',
  `roomno` int(11) NOT NULL,
  `thumbnail` varchar(255) DEFAULT NULL,
  PRIMARY KEY (`imageno`),
  KEY `fk_file_room1_idx` (`roomno`),
  CONSTRAINT `fk_file_room1` FOREIGN KEY (`roomno`) REFERENCES `room` (`roomno`) ON DELETE CASCADE ON UPDATE CASCADE
) ENGINE=InnoDB AUTO_INCREMENT=750 DEFAULT CHARSET=utf8;
/*!40101 SET character_set_client = @saved_cs_client */;

--
-- Dumping data for table `image`
--

LOCK TABLES `image` WRITE;
/*!40000 ALTER TABLE `image` DISABLE KEYS */;
INSERT INTO `image` VALUES (2,'2.jpg','photo','/2.jpg','image/jpg',4524,'2.jpg','2019-12-31 18:41:00','2019-12-31 18:41:00',2,'/2.jpg'),(3,'3.jpg','photo','/3.jpg','image/jpg',4524,'3.jpg','2019-12-31 18:41:00','2019-12-31 18:41:00',3,'/3.jpg'),(4,'4.jpg','photo','/4.jpg','image/jpg',4524,'4.jpg','2019-12-31 18:41:00','2019-12-31 18:41:00',4,'/4.jpg'),(5,'5.jpg','photo','/5.jpg','image/jpg',4524,'5.jpg','2019-12-31 18:41:00','2019-12-31 18:41:00',5,'/5.jpg'),(7,'7.jpg','photo','/7.jpg','image/jpg',4524,'7.jpg','2019-12-31 18:41:00','2019-12-31 18:41:00',7,'/7.jpg'),(8,'8.jpg','photo','/8.jpg','image/jpg',4524,'8.jpg','2019-12-31 18:41:00','2019-12-31 18:41:00',8,'/8.jpg'),(11,'11.jpg','photo','/11.jpg','image/jpg',4524,'11.jpg','2019-12-31 18:41:00','2019-12-31 18:41:00',11,'/11.jpg'),(13,'13.jpg','photo','/13.jpg','image/jpg',4524,'13.jpg','2019-12-31 18:41:00','2019-12-31 18:41:00',13,'/13.jpg'),(14,'14.jpg','photo','/14.jpg','image/jpg',4524,'14.jpg','2019-12-31 18:41:00','2019-12-31 18:41:00',14,'/14.jpg'),(16,'16.jpg','photo','/16.jpg','image/jpg',4524,'16.jpg','2019-12-31 18:41:00','2019-12-31 18:41:00',16,'/16.jpg'),(17,'17.jpg','photo','/17.jpg','image/jpg',4524,'17.jpg','2019-12-31 18:41:00','2019-12-31 18:41:00',17,'/17.jpg'),(18,'18.jpg','photo','/18.jpg','image/jpg',4524,'18.jpg','2019-12-31 18:41:00','2019-12-31 18:41:00',18,'/18.jpg'),(19,'19.jpg','photo','/19.jpg','image/jpg',4524,'19.jpg','2019-12-31 18:41:00','2019-12-31 18:41:00',19,'/19.jpg'),(20,'20.jpg','photo','/20.jpg','image/jpg',4524,'20.jpg','2019-12-31 18:41:00','2019-12-31 18:41:00',20,'/20.jpg'),(23,'23.jpg','photo','/23.jpg','image/jpg',4524,'23.jpg','2019-12-31 18:41:00','2019-12-31 18:41:00',23,'/23.jpg'),(24,'24.jpg','photo','/24.jpg','image/jpg',4524,'24.jpg','2019-12-31 18:41:00','2019-12-31 18:41:00',24,'/24.jpg'),(25,'25.jpg','photo','/25.jpg','image/jpg',4524,'25.jpg','2019-12-31 18:41:00','2019-12-31 18:41:00',25,'/25.jpg'),(26,'26.jpg','photo','/26.jpg','image/jpg',4524,'26.jpg','2019-12-31 18:41:00','2019-12-31 18:41:00',26,'/26.jpg'),(28,'28.jpg','photo','/28.jpg','image/jpg',4524,'28.jpg','2019-12-31 18:41:00','2019-12-31 18:41:00',28,'/28.jpg'),(29,'29.jpg','photo','/29.jpg','image/jpg',4524,'29.jpg','2019-12-31 18:41:00','2019-12-31 18:41:00',29,'/29.jpg'),(30,'30.jpg','photo','/30.jpg','image/jpg',4524,'30.jpg','2019-12-31 18:41:00','2019-12-31 18:41:00',30,'/30.jpg'),(31,'31.jpg','photo','/31.jpg','image/jpg',4524,'31.jpg','2019-12-31 18:41:00','2019-12-31 18:41:00',31,'/31.jpg'),(32,'32.jpg','photo','/32.jpg','image/jpg',4524,'32.jpg','2019-12-31 18:41:00','2019-12-31 18:41:00',32,'/32.jpg'),(33,'33.jpg','photo','/33.jpg','image/jpg',4524,'33.jpg','2019-12-31 18:41:00','2019-12-31 18:41:00',33,'/33.jpg'),(36,'36.jpg','photo','/36.jpg','image/jpg',4524,'36.jpg','2019-12-31 18:41:00','2019-12-31 18:41:00',36,'/36.jpg'),(37,'37.jpg','photo','/37.jpg','image/jpg',4524,'37.jpg','2019-12-31 18:41:00','2019-12-31 18:41:00',37,'/37.jpg'),(38,'38.jpg','photo','/38.jpg','image/jpg',4524,'38.jpg','2019-12-31 18:41:00','2019-12-31 18:41:00',38,'/38.jpg'),(39,'39.jpg','photo','/39.jpg','image/jpg',4524,'39.jpg','2019-12-31 18:41:00','2019-12-31 18:41:00',39,'/39.jpg'),(40,'40.jpg','photo','/40.jpg','image/jpg',4524,'40.jpg','2019-12-31 18:41:00','2019-12-31 18:41:00',40,'/40.jpg'),(46,'46.jpg','photo','/46.jpg','image/jpg',4524,'46.jpg','2019-12-31 18:41:00','2019-12-31 18:41:00',46,'/46.jpg'),(47,'47.jpg','photo','/47.jpg','image/jpg',4524,'47.jpg','2019-12-31 18:41:00','2019-12-31 18:41:00',47,'/47.jpg'),(48,'48.jpg','photo','/48.jpg','image/jpg',4524,'48.jpg','2019-12-31 18:41:00','2019-12-31 18:41:00',48,'/48.jpg'),(50,'50.jpg','photo','/50.jpg','image/jpg',4524,'50.jpg','2019-12-31 18:41:00','2019-12-31 18:41:00',50,'/50.jpg'),(52,'52.jpg','photo','/52.jpg','image/jpg',4524,'52.jpg','2019-12-31 18:41:00','2019-12-31 18:41:00',52,'/52.jpg'),(53,'53.jpg','photo','/53.jpg','image/jpg',4524,'53.jpg','2019-12-31 18:41:00','2019-12-31 18:41:00',53,'/53.jpg'),(55,'55.jpg','photo','/55.jpg','image/jpg',4524,'55.jpg','2019-12-31 18:41:00','2019-12-31 18:41:00',55,'/55.jpg'),(56,'56.jpg','photo','/56.jpg','image/jpg',4524,'56.jpg','2019-12-31 18:41:00','2019-12-31 18:41:00',56,'/56.jpg'),(57,'57.jpg','photo','/57.jpg','image/jpg',4524,'57.jpg','2019-12-31 18:41:00','2019-12-31 18:41:00',57,'/57.jpg'),(58,'58.jpg','photo','/58.jpg','image/jpg',4524,'58.jpg','2019-12-31 18:41:00','2019-12-31 18:41:00',58,'/58.jpg'),(59,'59.jpg','photo','/59.jpg','image/jpg',4524,'59.jpg','2019-12-31 18:41:00','2019-12-31 18:41:00',59,'/59.jpg'),(61,'61.jpg','photo','/61.jpg','image/jpg',4524,'61.jpg','2019-12-31 18:41:00','2019-12-31 18:41:00',61,'/61.jpg'),(62,'62.jpg','photo','/62.jpg','image/jpg',4524,'62.jpg','2019-12-31 18:41:00','2019-12-31 18:41:00',62,'/62.jpg'),(63,'63.jpg','photo','/63.jpg','image/jpg',4524,'63.jpg','2019-12-31 18:41:00','2019-12-31 18:41:00',63,'/63.jpg'),(67,'67.jpg','photo','/67.jpg','image/jpg',4524,'67.jpg','2019-12-31 18:41:00','2019-12-31 18:41:00',67,'/67.jpg'),(68,'68.jpg','photo','/68.jpg','image/jpg',4524,'68.jpg','2019-12-31 18:41:00','2019-12-31 18:41:00',68,'/68.jpg'),(69,'69.jpg','photo','/69.jpg','image/jpg',4524,'69.jpg','2019-12-31 18:41:00','2019-12-31 18:41:00',69,'/69.jpg'),(70,'70.jpg','photo','/70.jpg','image/jpg',4524,'70.jpg','2019-12-31 18:41:00','2019-12-31 18:41:00',70,'/70.jpg'),(71,'71.jpg','photo','/71.jpg','image/jpg',4524,'71.jpg','2019-12-31 18:41:00','2019-12-31 18:41:00',71,'/71.jpg'),(72,'72.jpg','photo','/72.jpg','image/jpg',4524,'72.jpg','2019-12-31 18:41:00','2019-12-31 18:41:00',72,'/72.jpg'),(73,'73.jpg','photo','/73.jpg','image/jpg',4524,'73.jpg','2019-12-31 18:41:00','2019-12-31 18:41:00',73,'/73.jpg'),(74,'74.jpg','photo','/74.jpg','image/jpg',4524,'74.jpg','2019-12-31 18:41:00','2019-12-31 18:41:00',74,'/74.jpg'),(75,'75.jpg','photo','/75.jpg','image/jpg',4524,'75.jpg','2019-12-31 18:41:00','2019-12-31 18:41:00',75,'/75.jpg'),(76,'76.jpg','photo','/76.jpg','image/jpg',4524,'76.jpg','2019-12-31 18:41:00','2019-12-31 18:41:00',76,'/76.jpg'),(77,'77.jpg','photo','/77.jpg','image/jpg',4524,'77.jpg','2019-12-31 18:41:00','2019-12-31 18:41:00',77,'/77.jpg'),(78,'78.jpg','photo','/78.jpg','image/jpg',4524,'78.jpg','2019-12-31 18:41:00','2019-12-31 18:41:00',78,'/78.jpg'),(79,'79.jpg','photo','/79.jpg','image/jpg',4524,'79.jpg','2019-12-31 18:41:00','2019-12-31 18:41:00',79,'/79.jpg'),(82,'82.jpg','photo','/82.jpg','image/jpg',4524,'82.jpg','2019-12-31 18:41:00','2019-12-31 18:41:00',82,'/82.jpg'),(84,'84.jpg','photo','/84.jpg','image/jpg',4524,'84.jpg','2019-12-31 18:41:00','2019-12-31 18:41:00',84,'/84.jpg'),(85,'85.jpg','photo','/85.jpg','image/jpg',4524,'85.jpg','2019-12-31 18:41:00','2019-12-31 18:41:00',85,'/85.jpg'),(86,'86.jpg','photo','/86.jpg','image/jpg',4524,'86.jpg','2019-12-31 18:41:00','2019-12-31 18:41:00',86,'/86.jpg'),(88,'88.jpg','photo','/88.jpg','image/jpg',4524,'88.jpg','2019-12-31 18:41:00','2019-12-31 18:41:00',88,'/88.jpg'),(89,'89.jpg','photo','/89.jpg','image/jpg',4524,'89.jpg','2019-12-31 18:41:00','2019-12-31 18:41:00',89,'/89.jpg'),(90,'90.jpg','photo','/90.jpg','image/jpg',4524,'90.jpg','2019-12-31 18:41:00','2019-12-31 18:41:00',90,'/90.jpg'),(91,'91.jpg','photo','/91.jpg','image/jpg',4524,'91.jpg','2019-12-31 18:41:00','2019-12-31 18:41:00',91,'/91.jpg'),(92,'92.jpg','photo','/92.jpg','image/jpg',4524,'92.jpg','2019-12-31 18:41:00','2019-12-31 18:41:00',92,'/92.jpg'),(95,'95.jpg','photo','/95.jpg','image/jpg',4524,'95.jpg','2019-12-31 18:41:00','2019-12-31 18:41:00',95,'/95.jpg'),(96,'96.jpg','photo','/96.jpg','image/jpg',4524,'96.jpg','2019-12-31 18:41:00','2019-12-31 18:41:00',96,'/96.jpg'),(97,'97.jpg','photo','/97.jpg','image/jpg',4524,'97.jpg','2019-12-31 18:41:00','2019-12-31 18:41:00',97,'/97.jpg'),(98,'98.jpg','photo','/98.jpg','image/jpg',4524,'98.jpg','2019-12-31 18:41:00','2019-12-31 18:41:00',98,'/98.jpg'),(99,'99.jpg','photo','/99.jpg','image/jpg',4524,'99.jpg','2019-12-31 18:41:00','2019-12-31 18:41:00',99,'/99.jpg'),(100,'100.jpg','photo','/100.jpg','image/jpg',4524,'100.jpg','2019-12-31 18:41:00','2019-12-31 18:41:00',100,'/100.jpg'),(102,'102.jpg','photo','/102.jpg','image/jpg',4524,'102.jpg','2019-12-31 18:41:00','2019-12-31 18:41:00',102,'/102.jpg'),(103,'103.jpg','photo','/103.jpg','image/jpg',4524,'103.jpg','2019-12-31 18:41:00','2019-12-31 18:41:00',103,'/103.jpg'),(105,'105.jpg','photo','/105.jpg','image/jpg',4524,'105.jpg','2019-12-31 18:41:00','2019-12-31 18:41:00',105,'/105.jpg'),(106,'106.jpg','photo','/106.jpg','image/jpg',4524,'106.jpg','2019-12-31 18:41:00','2019-12-31 18:41:00',106,'/106.jpg'),(107,'107.jpg','photo','/107.jpg','image/jpg',4524,'107.jpg','2019-12-31 18:41:00','2019-12-31 18:41:00',107,'/107.jpg'),(108,'108.jpg','photo','/108.jpg','image/jpg',4524,'108.jpg','2019-12-31 18:41:00','2019-12-31 18:41:00',108,'/108.jpg'),(109,'109.jpg','photo','/109.jpg','image/jpg',4524,'109.jpg','2019-12-31 18:41:00','2019-12-31 18:41:00',109,'/109.jpg'),(110,'110.jpg','photo','/110.jpg','image/jpg',4524,'110.jpg','2019-12-31 18:41:00','2019-12-31 18:41:00',110,'/110.jpg'),(111,'111.jpg','photo','/111.jpg','image/jpg',4524,'111.jpg','2019-12-31 18:41:00','2019-12-31 18:41:00',111,'/111.jpg'),(112,'112.jpg','photo','/112.jpg','image/jpg',4524,'112.jpg','2019-12-31 18:41:00','2019-12-31 18:41:00',112,'/112.jpg'),(113,'113.jpg','photo','/113.jpg','image/jpg',4524,'113.jpg','2019-12-31 18:41:00','2019-12-31 18:41:00',113,'/113.jpg'),(114,'114.jpg','photo','/114.jpg','image/jpg',4524,'114.jpg','2019-12-31 18:41:00','2019-12-31 18:41:00',114,'/114.jpg'),(116,'116.jpg','photo','/116.jpg','image/jpg',4524,'116.jpg','2019-12-31 18:41:00','2019-12-31 18:41:00',116,'/116.jpg'),(117,'117.jpg','photo','/117.jpg','image/jpg',4524,'117.jpg','2019-12-31 18:41:00','2019-12-31 18:41:00',117,'/117.jpg'),(118,'118.jpg','photo','/118.jpg','image/jpg',4524,'118.jpg','2019-12-31 18:41:00','2019-12-31 18:41:00',118,'/118.jpg'),(121,'121.jpg','photo','/121.jpg','image/jpg',4524,'121.jpg','2019-12-31 18:41:00','2019-12-31 18:41:00',121,'/121.jpg'),(122,'122.jpg','photo','/122.jpg','image/jpg',4524,'122.jpg','2019-12-31 18:41:00','2019-12-31 18:41:00',122,'/122.jpg'),(123,'123.jpg','photo','/123.jpg','image/jpg',4524,'123.jpg','2019-12-31 18:41:00','2019-12-31 18:41:00',123,'/123.jpg'),(124,'124.jpg','photo','/124.jpg','image/jpg',4524,'124.jpg','2019-12-31 18:41:00','2019-12-31 18:41:00',124,'/124.jpg'),(125,'125.jpg','photo','/125.jpg','image/jpg',4524,'125.jpg','2019-12-31 18:41:00','2019-12-31 18:41:00',125,'/125.jpg'),(127,'127.jpg','photo','/127.jpg','image/jpg',4524,'127.jpg','2019-12-31 18:41:00','2019-12-31 18:41:00',127,'/127.jpg'),(130,'130.jpg','photo','/130.jpg','image/jpg',4524,'130.jpg','2019-12-31 18:41:00','2019-12-31 18:41:00',130,'/130.jpg'),(131,'131.jpg','photo','/131.jpg','image/jpg',4524,'131.jpg','2019-12-31 18:41:00','2019-12-31 18:41:00',131,'/131.jpg'),(132,'132.jpg','photo','/132.jpg','image/jpg',4524,'132.jpg','2019-12-31 18:41:00','2019-12-31 18:41:00',132,'/132.jpg'),(133,'133.jpg','photo','/133.jpg','image/jpg',4524,'133.jpg','2019-12-31 18:41:00','2019-12-31 18:41:00',133,'/133.jpg'),(134,'134.jpg','photo','/134.jpg','image/jpg',4524,'134.jpg','2019-12-31 18:41:00','2019-12-31 18:41:00',134,'/134.jpg'),(135,'135.jpg','photo','/135.jpg','image/jpg',4524,'135.jpg','2019-12-31 18:41:00','2019-12-31 18:41:00',135,'/135.jpg'),(136,'136.jpg','photo','/136.jpg','image/jpg',4524,'136.jpg','2019-12-31 18:41:00','2019-12-31 18:41:00',136,'/136.jpg'),(138,'138.jpg','photo','/138.jpg','image/jpg',4524,'138.jpg','2019-12-31 18:41:00','2019-12-31 18:41:00',138,'/138.jpg'),(139,'139.jpg','photo','/139.jpg','image/jpg',4524,'139.jpg','2019-12-31 18:41:00','2019-12-31 18:41:00',139,'/139.jpg'),(140,'140.jpg','photo','/140.jpg','image/jpg',4524,'140.jpg','2019-12-31 18:41:00','2019-12-31 18:41:00',140,'/140.jpg'),(141,'141.jpg','photo','/141.jpg','image/jpg',4524,'141.jpg','2019-12-31 18:41:00','2019-12-31 18:41:00',141,'/141.jpg'),(144,'144.jpg','photo','/144.jpg','image/jpg',4524,'144.jpg','2019-12-31 18:41:00','2019-12-31 18:41:00',144,'/144.jpg'),(145,'145.jpg','photo','/145.jpg','image/jpg',4524,'145.jpg','2019-12-31 18:41:00','2019-12-31 18:41:00',145,'/145.jpg'),(147,'147.jpg','photo','/147.jpg','image/jpg',4524,'147.jpg','2019-12-31 18:41:00','2019-12-31 18:41:00',147,'/147.jpg'),(148,'148.jpg','photo','/148.jpg','image/jpg',4524,'148.jpg','2019-12-31 18:41:00','2019-12-31 18:41:00',148,'/148.jpg'),(149,'149.jpg','photo','/149.jpg','image/jpg',4524,'149.jpg','2019-12-31 18:41:00','2019-12-31 18:41:00',149,'/149.jpg'),(150,'150.jpg','photo','/150.jpg','image/jpg',4524,'150.jpg','2019-12-31 18:41:00','2019-12-31 18:41:00',150,'/150.jpg'),(151,'151.jpg','photo','/151.jpg','image/jpg',4524,'151.jpg','2019-12-31 18:41:00','2019-12-31 18:41:00',151,'/151.jpg'),(152,'152.jpg','photo','/152.jpg','image/jpg',4524,'152.jpg','2019-12-31 18:41:00','2019-12-31 18:41:00',152,'/152.jpg'),(154,'154.jpg','photo','/154.jpg','image/jpg',4524,'154.jpg','2019-12-31 18:41:00','2019-12-31 18:41:00',154,'/154.jpg'),(155,'155.jpg','photo','/155.jpg','image/jpg',4524,'155.jpg','2019-12-31 18:41:00','2019-12-31 18:41:00',155,'/155.jpg'),(156,'156.jpg','photo','/156.jpg','image/jpg',4524,'156.jpg','2019-12-31 18:41:00','2019-12-31 18:41:00',156,'/156.jpg'),(157,'157.jpg','photo','/157.jpg','image/jpg',4524,'157.jpg','2019-12-31 18:41:00','2019-12-31 18:41:00',157,'/157.jpg'),(158,'158.jpg','photo','/158.jpg','image/jpg',4524,'158.jpg','2019-12-31 18:41:00','2019-12-31 18:41:00',158,'/158.jpg'),(159,'159.jpg','photo','/159.jpg','image/jpg',4524,'159.jpg','2019-12-31 18:41:00','2019-12-31 18:41:00',159,'/159.jpg'),(160,'160.jpg','photo','/160.jpg','image/jpg',4524,'160.jpg','2019-12-31 18:41:00','2019-12-31 18:41:00',160,'/160.jpg'),(161,'161.jpg','photo','/161.jpg','image/jpg',4524,'161.jpg','2019-12-31 18:41:00','2019-12-31 18:41:00',161,'/161.jpg'),(164,'164.jpg','photo','/164.jpg','image/jpg',4524,'164.jpg','2019-12-31 18:41:00','2019-12-31 18:41:00',164,'/164.jpg'),(166,'166.jpg','photo','/166.jpg','image/jpg',4524,'166.jpg','2019-12-31 18:41:00','2019-12-31 18:41:00',166,'/166.jpg'),(167,'167.jpg','photo','/167.jpg','image/jpg',4524,'167.jpg','2019-12-31 18:41:00','2019-12-31 18:41:00',167,'/167.jpg'),(169,'169.jpg','photo','/169.jpg','image/jpg',4524,'169.jpg','2019-12-31 18:41:00','2019-12-31 18:41:00',169,'/169.jpg'),(170,'170.jpg','photo','/170.jpg','image/jpg',4524,'170.jpg','2019-12-31 18:41:00','2019-12-31 18:41:00',170,'/170.jpg'),(171,'171.jpg','photo','/171.jpg','image/jpg',4524,'171.jpg','2019-12-31 18:41:00','2019-12-31 18:41:00',171,'/171.jpg'),(172,'172.jpg','photo','/172.jpg','image/jpg',4524,'172.jpg','2019-12-31 18:41:00','2019-12-31 18:41:00',172,'/172.jpg'),(173,'173.jpg','photo','/173.jpg','image/jpg',4524,'173.jpg','2019-12-31 18:41:00','2019-12-31 18:41:00',173,'/173.jpg'),(174,'174.jpg','photo','/174.jpg','image/jpg',4524,'174.jpg','2019-12-31 18:41:00','2019-12-31 18:41:00',174,'/174.jpg'),(175,'175.jpg','photo','/175.jpg','image/jpg',4524,'175.jpg','2019-12-31 18:41:00','2019-12-31 18:41:00',175,'/175.jpg'),(176,'176.jpg','photo','/176.jpg','image/jpg',4524,'176.jpg','2019-12-31 18:41:00','2019-12-31 18:41:00',176,'/176.jpg'),(177,'177.jpg','photo','/177.jpg','image/jpg',4524,'177.jpg','2019-12-31 18:41:00','2019-12-31 18:41:00',177,'/177.jpg'),(178,'178.jpg','photo','/178.jpg','image/jpg',4524,'178.jpg','2019-12-31 18:41:00','2019-12-31 18:41:00',178,'/178.jpg'),(179,'179.jpg','photo','/179.jpg','image/jpg',4524,'179.jpg','2019-12-31 18:41:00','2019-12-31 18:41:00',179,'/179.jpg'),(180,'180.jpg','photo','/180.jpg','image/jpg',4524,'180.jpg','2019-12-31 18:41:00','2019-12-31 18:41:00',180,'/180.jpg'),(181,'181.jpg','photo','/181.jpg','image/jpg',4524,'181.jpg','2019-12-31 18:41:00','2019-12-31 18:41:00',181,'/181.jpg'),(182,'182.jpg','photo','/182.jpg','image/jpg',4524,'182.jpg','2019-12-31 18:41:00','2019-12-31 18:41:00',182,'/182.jpg'),(183,'183.jpg','photo','/183.jpg','image/jpg',4524,'183.jpg','2019-12-31 18:41:00','2019-12-31 18:41:00',183,'/183.jpg'),(186,'186.jpg','photo','/186.jpg','image/jpg',4524,'186.jpg','2019-12-31 18:41:00','2019-12-31 18:41:00',186,'/186.jpg'),(189,'189.jpg','photo','/189.jpg','image/jpg',4524,'189.jpg','2019-12-31 18:41:00','2019-12-31 18:41:00',189,'/189.jpg'),(190,'190.jpg','photo','/190.jpg','image/jpg',4524,'190.jpg','2019-12-31 18:41:00','2019-12-31 18:41:00',190,'/190.jpg'),(191,'191.jpg','photo','/191.jpg','image/jpg',4524,'191.jpg','2019-12-31 18:41:00','2019-12-31 18:41:00',191,'/191.jpg'),(192,'192.jpg','photo','/192.jpg','image/jpg',4524,'192.jpg','2019-12-31 18:41:00','2019-12-31 18:41:00',192,'/192.jpg'),(194,'194.jpg','photo','/194.jpg','image/jpg',4524,'194.jpg','2019-12-31 18:41:00','2019-12-31 18:41:00',194,'/194.jpg'),(195,'195.jpg','photo','/195.jpg','image/jpg',4524,'195.jpg','2019-12-31 18:41:00','2019-12-31 18:41:00',195,'/195.jpg'),(196,'196.jpg','photo','/196.jpg','image/jpg',4524,'196.jpg','2019-12-31 18:41:00','2019-12-31 18:41:00',196,'/196.jpg'),(197,'197.jpg','photo','/197.jpg','image/jpg',4524,'197.jpg','2019-12-31 18:41:00','2019-12-31 18:41:00',197,'/197.jpg'),(198,'198.jpg','photo','/198.jpg','image/jpg',4524,'198.jpg','2019-12-31 18:41:00','2019-12-31 18:41:00',198,'/198.jpg'),(200,'200.jpg','photo','/200.jpg','image/jpg',4524,'200.jpg','2019-12-31 18:41:00','2019-12-31 18:41:00',200,'/200.jpg'),(201,'201.jpg','photo','/201.jpg','image/jpg',4524,'201.jpg','2019-12-31 18:41:00','2019-12-31 18:41:00',201,'/201.jpg'),(204,'204.jpg','photo','/204.jpg','image/jpg',4524,'204.jpg','2019-12-31 18:41:00','2019-12-31 18:41:00',204,'/204.jpg'),(205,'205.jpg','photo','/205.jpg','image/jpg',4524,'205.jpg','2019-12-31 18:41:00','2019-12-31 18:41:00',205,'/205.jpg'),(209,'209.jpg','photo','/209.jpg','image/jpg',4524,'209.jpg','2019-12-31 18:41:00','2019-12-31 18:41:00',209,'/209.jpg'),(210,'210.jpg','photo','/210.jpg','image/jpg',4524,'210.jpg','2019-12-31 18:41:00','2019-12-31 18:41:00',210,'/210.jpg'),(211,'211.jpg','photo','/211.jpg','image/jpg',4524,'211.jpg','2019-12-31 18:41:00','2019-12-31 18:41:00',211,'/211.jpg'),(212,'212.jpg','photo','/212.jpg','image/jpg',4524,'212.jpg','2019-12-31 18:41:00','2019-12-31 18:41:00',212,'/212.jpg'),(213,'213.jpg','photo','/213.jpg','image/jpg',4524,'213.jpg','2019-12-31 18:41:00','2019-12-31 18:41:00',213,'/213.jpg'),(215,'215.jpg','photo','/215.jpg','image/jpg',4524,'215.jpg','2019-12-31 18:41:00','2019-12-31 18:41:00',215,'/215.jpg'),(216,'216.jpg','photo','/216.jpg','image/jpg',4524,'216.jpg','2019-12-31 18:41:00','2019-12-31 18:41:00',216,'/216.jpg'),(218,'218.jpg','photo','/218.jpg','image/jpg',4524,'218.jpg','2019-12-31 18:41:00','2019-12-31 18:41:00',218,'/218.jpg'),(219,'219.jpg','photo','/219.jpg','image/jpg',4524,'219.jpg','2019-12-31 18:41:00','2019-12-31 18:41:00',219,'/219.jpg'),(220,'220.jpg','photo','/220.jpg','image/jpg',4524,'220.jpg','2019-12-31 18:41:00','2019-12-31 18:41:00',220,'/220.jpg'),(221,'221.jpg','photo','/221.jpg','image/jpg',4524,'221.jpg','2019-12-31 18:41:00','2019-12-31 18:41:00',221,'/221.jpg'),(222,'222.jpg','photo','/222.jpg','image/jpg',4524,'222.jpg','2019-12-31 18:41:00','2019-12-31 18:41:00',222,'/222.jpg'),(223,'223.jpg','photo','/223.jpg','image/jpg',4524,'223.jpg','2019-12-31 18:41:00','2019-12-31 18:41:00',223,'/223.jpg'),(224,'224.jpg','photo','/224.jpg','image/jpg',4524,'224.jpg','2019-12-31 18:41:00','2019-12-31 18:41:00',224,'/224.jpg'),(226,'226.jpg','photo','/226.jpg','image/jpg',4524,'226.jpg','2019-12-31 18:41:00','2019-12-31 18:41:00',226,'/226.jpg'),(229,'229.jpg','photo','/229.jpg','image/jpg',4524,'229.jpg','2019-12-31 18:41:00','2019-12-31 18:41:00',229,'/229.jpg'),(230,'230.jpg','photo','/230.jpg','image/jpg',4524,'230.jpg','2019-12-31 18:41:00','2019-12-31 18:41:00',230,'/230.jpg'),(231,'231.jpg','photo','/231.jpg','image/jpg',4524,'231.jpg','2019-12-31 18:41:00','2019-12-31 18:41:00',231,'/231.jpg'),(232,'232.jpg','photo','/232.jpg','image/jpg',4524,'232.jpg','2019-12-31 18:41:00','2019-12-31 18:41:00',232,'/232.jpg'),(233,'233.jpg','photo','/233.jpg','image/jpg',4524,'233.jpg','2019-12-31 18:41:00','2019-12-31 18:41:00',233,'/233.jpg'),(234,'234.jpg','photo','/234.jpg','image/jpg',4524,'234.jpg','2019-12-31 18:41:00','2019-12-31 18:41:00',234,'/234.jpg'),(235,'235.jpg','photo','/235.jpg','image/jpg',4524,'235.jpg','2019-12-31 18:41:00','2019-12-31 18:41:00',235,'/235.jpg'),(236,'236.jpg','photo','/236.jpg','image/jpg',4524,'236.jpg','2019-12-31 18:41:00','2019-12-31 18:41:00',236,'/236.jpg'),(237,'237.jpg','photo','/237.jpg','image/jpg',4524,'237.jpg','2019-12-31 18:41:00','2019-12-31 18:41:00',237,'/237.jpg'),(239,'239.jpg','photo','/239.jpg','image/jpg',4524,'239.jpg','2019-12-31 18:41:00','2019-12-31 18:41:00',239,'/239.jpg'),(240,'240.jpg','photo','/240.jpg','image/jpg',4524,'240.jpg','2019-12-31 18:41:00','2019-12-31 18:41:00',240,'/240.jpg'),(241,'241.jpg','photo','/241.jpg','image/jpg',4524,'241.jpg','2019-12-31 18:41:00','2019-12-31 18:41:00',241,'/241.jpg'),(242,'242.jpg','photo','/242.jpg','image/jpg',4524,'242.jpg','2019-12-31 18:41:00','2019-12-31 18:41:00',242,'/242.jpg'),(243,'243.jpg','photo','/243.jpg','image/jpg',4524,'243.jpg','2019-12-31 18:41:00','2019-12-31 18:41:00',243,'/243.jpg'),(245,'245.jpg','photo','/245.jpg','image/jpg',4524,'245.jpg','2019-12-31 18:41:00','2019-12-31 18:41:00',245,'/245.jpg'),(246,'246.jpg','photo','/246.jpg','image/jpg',4524,'246.jpg','2019-12-31 18:41:00','2019-12-31 18:41:00',246,'/246.jpg'),(247,'247.jpg','photo','/247.jpg','image/jpg',4524,'247.jpg','2019-12-31 18:41:00','2019-12-31 18:41:00',247,'/247.jpg'),(248,'248.jpg','photo','/248.jpg','image/jpg',4524,'248.jpg','2019-12-31 18:41:00','2019-12-31 18:41:00',248,'/248.jpg'),(249,'249.jpg','photo','/249.jpg','image/jpg',4524,'249.jpg','2019-12-31 18:41:00','2019-12-31 18:41:00',249,'/249.jpg'),(250,'250.jpg','photo','/250.jpg','image/jpg',4524,'250.jpg','2019-12-31 18:41:00','2019-12-31 18:41:00',250,'/250.jpg'),(251,'251.jpg','photo','/251.jpg','image/jpg',4524,'251.jpg','2019-12-31 18:41:00','2019-12-31 18:41:00',251,'/251.jpg'),(252,'252.jpg','photo','/252.jpg','image/jpg',4524,'252.jpg','2019-12-31 18:41:00','2019-12-31 18:41:00',252,'/252.jpg'),(253,'253.jpg','photo','/253.jpg','image/jpg',4524,'253.jpg','2019-12-31 18:41:00','2019-12-31 18:41:00',253,'/253.jpg'),(254,'254.jpg','photo','/254.jpg','image/jpg',4524,'254.jpg','2019-12-31 18:41:00','2019-12-31 18:41:00',254,'/254.jpg'),(256,'256.jpg','photo','/256.jpg','image/jpg',4524,'256.jpg','2019-12-31 18:41:00','2019-12-31 18:41:00',256,'/256.jpg'),(257,'257.jpg','photo','/257.jpg','image/jpg',4524,'257.jpg','2019-12-31 18:41:00','2019-12-31 18:41:00',257,'/257.jpg'),(258,'258.jpg','photo','/258.jpg','image/jpg',4524,'258.jpg','2019-12-31 18:41:00','2019-12-31 18:41:00',258,'/258.jpg'),(259,'259.jpg','photo','/259.jpg','image/jpg',4524,'259.jpg','2019-12-31 18:41:00','2019-12-31 18:41:00',259,'/259.jpg'),(261,'261.jpg','photo','/261.jpg','image/jpg',4524,'261.jpg','2019-12-31 18:41:00','2019-12-31 18:41:00',261,'/261.jpg'),(263,'263.jpg','photo','/263.jpg','image/jpg',4524,'263.jpg','2019-12-31 18:41:00','2019-12-31 18:41:00',263,'/263.jpg'),(264,'264.jpg','photo','/264.jpg','image/jpg',4524,'264.jpg','2019-12-31 18:41:00','2019-12-31 18:41:00',264,'/264.jpg'),(265,'265.jpg','photo','/265.jpg','image/jpg',4524,'265.jpg','2019-12-31 18:41:00','2019-12-31 18:41:00',265,'/265.jpg'),(266,'266.jpg','photo','/266.jpg','image/jpg',4524,'266.jpg','2019-12-31 18:41:00','2019-12-31 18:41:00',266,'/266.jpg'),(267,'267.jpg','photo','/267.jpg','image/jpg',4524,'267.jpg','2019-12-31 18:41:00','2019-12-31 18:41:00',267,'/267.jpg'),(268,'268.jpg','photo','/268.jpg','image/jpg',4524,'268.jpg','2019-12-31 18:41:00','2019-12-31 18:41:00',268,'/268.jpg'),(270,'270.jpg','photo','/270.jpg','image/jpg',4524,'270.jpg','2019-12-31 18:41:00','2019-12-31 18:41:00',270,'/270.jpg'),(271,'271.jpg','photo','/271.jpg','image/jpg',4524,'271.jpg','2019-12-31 18:41:00','2019-12-31 18:41:00',271,'/271.jpg'),(272,'272.jpg','photo','/272.jpg','image/jpg',4524,'272.jpg','2019-12-31 18:41:00','2019-12-31 18:41:00',272,'/272.jpg'),(273,'273.jpg','photo','/273.jpg','image/jpg',4524,'273.jpg','2019-12-31 18:41:00','2019-12-31 18:41:00',273,'/273.jpg'),(274,'274.jpg','photo','/274.jpg','image/jpg',4524,'274.jpg','2019-12-31 18:41:00','2019-12-31 18:41:00',274,'/274.jpg'),(277,'277.jpg','photo','/277.jpg','image/jpg',4524,'277.jpg','2019-12-31 18:41:00','2019-12-31 18:41:00',277,'/277.jpg'),(278,'278.jpg','photo','/278.jpg','image/jpg',4524,'278.jpg','2019-12-31 18:41:00','2019-12-31 18:41:00',278,'/278.jpg'),(280,'280.jpg','photo','/280.jpg','image/jpg',4524,'280.jpg','2019-12-31 18:41:00','2019-12-31 18:41:00',280,'/280.jpg'),(281,'281.jpg','photo','/281.jpg','image/jpg',4524,'281.jpg','2019-12-31 18:41:00','2019-12-31 18:41:00',281,'/281.jpg'),(283,'283.jpg','photo','/283.jpg','image/jpg',4524,'283.jpg','2019-12-31 18:41:00','2019-12-31 18:41:00',283,'/283.jpg'),(284,'284.jpg','photo','/284.jpg','image/jpg',4524,'284.jpg','2019-12-31 18:41:00','2019-12-31 18:41:00',284,'/284.jpg'),(285,'285.jpg','photo','/285.jpg','image/jpg',4524,'285.jpg','2019-12-31 18:41:00','2019-12-31 18:41:00',285,'/285.jpg'),(286,'286.jpg','photo','/286.jpg','image/jpg',4524,'286.jpg','2019-12-31 18:41:00','2019-12-31 18:41:00',286,'/286.jpg'),(287,'287.jpg','photo','/287.jpg','image/jpg',4524,'287.jpg','2019-12-31 18:41:00','2019-12-31 18:41:00',287,'/287.jpg'),(288,'288.jpg','photo','/288.jpg','image/jpg',4524,'288.jpg','2019-12-31 18:41:00','2019-12-31 18:41:00',288,'/288.jpg'),(293,'293.jpg','photo','/293.jpg','image/jpg',4524,'293.jpg','2019-12-31 18:41:00','2019-12-31 18:41:00',293,'/293.jpg'),(294,'294.jpg','photo','/294.jpg','image/jpg',4524,'294.jpg','2019-12-31 18:41:00','2019-12-31 18:41:00',294,'/294.jpg'),(296,'296.jpg','photo','/296.jpg','image/jpg',4524,'296.jpg','2019-12-31 18:41:00','2019-12-31 18:41:00',296,'/296.jpg'),(297,'297.jpg','photo','/297.jpg','image/jpg',4524,'297.jpg','2019-12-31 18:41:00','2019-12-31 18:41:00',297,'/297.jpg'),(299,'299.jpg','photo','/299.jpg','image/jpg',4524,'299.jpg','2019-12-31 18:41:00','2019-12-31 18:41:00',299,'/299.jpg'),(300,'300_1.jpg','photo','/300_1.jpg','image/jpg',4524,'300_1.jpg','2019-12-31 18:41:00','2019-12-31 18:41:00',300,'/300_1.jpg'),(301,'300_2.jpg','photo','/300_2.jpg','image/jpg',4524,'300_2.jpg','2019-12-31 18:41:00','2019-12-31 18:41:00',300,'/300_2.jpg'),(302,'300_3.jpg','photo','/300_3.jpg','image/jpg',4524,'300_3.jpg','2019-12-31 18:41:00','2019-12-31 18:41:00',300,'/300_3.jpg'),(303,'300_4.jpg','photo','/300_4.jpg','image/jpg',4524,'300_4.jpg','2019-12-31 18:41:00','2019-12-31 18:41:00',300,'/300_4.jpg'),(304,'300_5.jpg','photo','/300_5.jpg','image/jpg',4524,'300_5.jpg','2019-12-31 18:41:00','2019-12-31 18:41:00',300,'/300_5.jpg'),(305,'300_6.jpg','photo','/300_6.jpg','image/jpg',4524,'300_6.jpg','2019-12-31 18:41:00','2019-12-31 18:41:00',300,'/300_6.jpg'),(306,'300_7.jpg','photo','/300_7.jpg','image/jpg',4524,'300_7.jpg','2019-12-31 18:41:00','2019-12-31 18:41:00',300,'/300_7.jpg'),(307,'300_8.jpg','photo','/300_8.jpg','image/jpg',4524,'300_8.jpg','2019-12-31 18:41:00','2019-12-31 18:41:00',300,'/300_8.jpg'),(308,'300_9.jpg','photo','/300_9.jpg','image/jpg',4524,'300_9.jpg','2019-12-31 18:41:00','2019-12-31 18:41:00',300,'/300_9.jpg'),(309,'300_10.jpg','photo','/300_10.jpg','image/jpg',4524,'300_10.jpg','2019-12-31 18:41:00','2019-12-31 18:41:00',300,'/300_10.jpg'),(310,'300_11.jpg','photo','/300_11.jpg','image/jpg',4524,'300_11.jpg','2019-12-31 18:41:00','2019-12-31 18:41:00',300,'/300_11.jpg'),(311,'300_12.jpg','photo','/300_12.jpg','image/jpg',4524,'300_12.jpg','2019-12-31 18:41:00','2019-12-31 18:41:00',300,'/300_12.jpg'),(312,'300_13.jpg','photo','/300_13.jpg','image/jpg',4524,'300_13.jpg','2019-12-31 18:41:00','2019-12-31 18:41:00',300,'/300_13.jpg'),(313,'301_0.jpg','photo','/301_0.jpg','image/jpg',4524,'301_0.jpg','2019-12-31 18:41:00','2019-12-31 18:41:00',301,'/301_0.jpg'),(314,'301_1.jpg','photo','/301_1.jpg','image/jpg',4524,'301_1.jpg','2019-12-31 18:41:00','2019-12-31 18:41:00',301,'/301_1.jpg'),(315,'301_2.jpg','photo','/301_2.jpg','image/jpg',4524,'301_2.jpg','2019-12-31 18:41:00','2019-12-31 18:41:00',301,'/301_2.jpg'),(316,'301_3.jpg','photo','/301_3.jpg','image/jpg',4524,'301_3.jpg','2019-12-31 18:41:00','2019-12-31 18:41:00',301,'/301_3.jpg'),(317,'301_4.jpg','photo','/301_4.jpg','image/jpg',4524,'301_4.jpg','2019-12-31 18:41:00','2019-12-31 18:41:00',301,'/301_4.jpg'),(318,'301_5.jpg','photo','/301_5.jpg','image/jpg',4524,'301_5.jpg','2019-12-31 18:41:00','2019-12-31 18:41:00',301,'/301_5.jpg'),(319,'301_6.jpg','photo','/301_6.jpg','image/jpg',4524,'301_6.jpg','2019-12-31 18:41:00','2019-12-31 18:41:00',301,'/301_6.jpg'),(320,'301_7.jpg','photo','/301_7.jpg','image/jpg',4524,'301_7.jpg','2019-12-31 18:41:00','2019-12-31 18:41:00',301,'/301_7.jpg'),(321,'301_8.jpg','photo','/301_8.jpg','image/jpg',4524,'301_8.jpg','2019-12-31 18:41:00','2019-12-31 18:41:00',301,'/301_8.jpg'),(322,'301_9.jpg','photo','/301_9.jpg','image/jpg',4524,'301_9.jpg','2019-12-31 18:41:00','2019-12-31 18:41:00',301,'/301_9.jpg'),(323,'301_10.jpg','photo','/301_10.jpg','image/jpg',4524,'301_10.jpg','2019-12-31 18:41:00','2019-12-31 18:41:00',301,'/301_10.jpg'),(324,'301_11.jpg','photo','/301_11.jpg','image/jpg',4524,'301_11.jpg','2019-12-31 18:41:00','2019-12-31 18:41:00',301,'/301_11.jpg'),(325,'301_12.jpg','photo','/301_12.jpg','image/jpg',4524,'301_12.jpg','2019-12-31 18:41:00','2019-12-31 18:41:00',301,'/301_12.jpg'),(326,'302_1.jpg','photo','/302_1.jpg','image/jpg',4524,'302_1.jpg','2019-12-31 18:41:00','2019-12-31 18:41:00',302,'/302_1.jpg'),(327,'302_2.jpg','photo','/302_2.jpg','image/jpg',4524,'302_2.jpg','2019-12-31 18:41:00','2019-12-31 18:41:00',302,'/302_2.jpg'),(328,'302_3.jpg','photo','/302_3.jpg','image/jpg',4524,'302_3.jpg','2019-12-31 18:41:00','2019-12-31 18:41:00',302,'/302_3.jpg'),(329,'302_4.jpg','photo','/302_4.jpg','image/jpg',4524,'302_4.jpg','2019-12-31 18:41:00','2019-12-31 18:41:00',302,'/302_4.jpg'),(330,'302_5.jpg','photo','/302_5.jpg','image/jpg',4524,'302_5.jpg','2019-12-31 18:41:00','2019-12-31 18:41:00',302,'/302_5.jpg'),(331,'302_6.jpg','photo','/302_6.jpg','image/jpg',4524,'302_6.jpg','2019-12-31 18:41:00','2019-12-31 18:41:00',302,'/302_6.jpg'),(332,'302_7.jpg','photo','/302_7.jpg','image/jpg',4524,'302_7.jpg','2019-12-31 18:41:00','2019-12-31 18:41:00',302,'/302_7.jpg'),(333,'302_8.jpg','photo','/302_8.jpg','image/jpg',4524,'302_8.jpg','2019-12-31 18:41:00','2019-12-31 18:41:00',302,'/302_8.jpg'),(334,'302_9.jpg','photo','/302_9.jpg','image/jpg',4524,'302_9.jpg','2019-12-31 18:41:00','2019-12-31 18:41:00',302,'/302_9.jpg'),(335,'302_10.jpg','photo','/302_10.jpg','image/jpg',4524,'302_10.jpg','2019-12-31 18:41:00','2019-12-31 18:41:00',302,'/302_10.jpg'),(336,'302_11.jpg','photo','/302_11.jpg','image/jpg',4524,'302_11.jpg','2019-12-31 18:41:00','2019-12-31 18:41:00',302,'/302_11.jpg'),(337,'302_12.jpg','photo','/302_12.jpg','image/jpg',4524,'302_12.jpg','2019-12-31 18:41:00','2019-12-31 18:41:00',302,'/302_12.jpg'),(338,'302_13.jpg','photo','/302_13.jpg','image/jpg',4524,'302_13.jpg','2019-12-31 18:41:00','2019-12-31 18:41:00',302,'/302_13.jpg'),(339,'302_14.jpg','photo','/302_14.jpg','image/jpg',4524,'302_14.jpg','2019-12-31 18:41:00','2019-12-31 18:41:00',302,'/302_14.jpg'),(340,'302_15.jpg','photo','/302_15.jpg','image/jpg',4524,'302_15.jpg','2019-12-31 18:41:00','2019-12-31 18:41:00',302,'/302_15.jpg'),(341,'302_16.jpg','photo','/302_16.jpg','image/jpg',4524,'302_16.jpg','2019-12-31 18:41:00','2019-12-31 18:41:00',302,'/302_16.jpg'),(342,'303_1.jpg','photo','/303_1.jpg','image/jpg',4524,'303_1.jpg','2019-12-31 18:41:00','2019-12-31 18:41:00',303,'/303_1.jpg'),(343,'303_2.jpg','photo','/303_2.jpg','image/jpg',4524,'303_2.jpg','2019-12-31 18:41:00','2019-12-31 18:41:00',303,'/303_2.jpg'),(344,'303_3.jpg','photo','/303_3.jpg','image/jpg',4524,'303_3.jpg','2019-12-31 18:41:00','2019-12-31 18:41:00',303,'/303_3.jpg'),(345,'303_4.jpg','photo','/303_4.jpg','image/jpg',4524,'303_4.jpg','2019-12-31 18:41:00','2019-12-31 18:41:00',303,'/303_4.jpg'),(346,'303_5.jpg','photo','/303_5.jpg','image/jpg',4524,'303_5.jpg','2019-12-31 18:41:00','2019-12-31 18:41:00',303,'/303_5.jpg'),(347,'303_6.jpg','photo','/303_6.jpg','image/jpg',4524,'303_6.jpg','2019-12-31 18:41:00','2019-12-31 18:41:00',303,'/303_6.jpg'),(348,'303_7.jpg','photo','/303_7.jpg','image/jpg',4524,'303_7.jpg','2019-12-31 18:41:00','2019-12-31 18:41:00',303,'/303_7.jpg'),(349,'303_8.jpg','photo','/303_8.jpg','image/jpg',4524,'303_8.jpg','2019-12-31 18:41:00','2019-12-31 18:41:00',303,'/303_8.jpg'),(350,'303_9.jpg','photo','/303_9.jpg','image/jpg',4524,'303_9.jpg','2019-12-31 18:41:00','2019-12-31 18:41:00',303,'/303_9.jpg'),(351,'303_10.jpg','photo','/303_10.jpg','image/jpg',4524,'303_10.jpg','2019-12-31 18:41:00','2019-12-31 18:41:00',303,'/303_10.jpg'),(352,'303_11.jpg','photo','/303_11.jpg','image/jpg',4524,'303_11.jpg','2019-12-31 18:41:00','2019-12-31 18:41:00',303,'/303_11.jpg'),(353,'303_12.jpg','photo','/303_12.jpg','image/jpg',4524,'303_12.jpg','2019-12-31 18:41:00','2019-12-31 18:41:00',303,'/303_12.jpg'),(354,'303_13.jpg','photo','/303_13.jpg','image/jpg',4524,'303_13.jpg','2019-12-31 18:41:00','2019-12-31 18:41:00',303,'/303_13.jpg'),(355,'303_14.jpg','photo','/303_14.jpg','image/jpg',4524,'303_14.jpg','2019-12-31 18:41:00','2019-12-31 18:41:00',303,'/303_14.jpg'),(356,'303_15.jpg','photo','/303_15.jpg','image/jpg',4524,'303_15.jpg','2019-12-31 18:41:00','2019-12-31 18:41:00',303,'/303_15.jpg'),(372,'305_1.jpg','photo','/305_1.jpg','image/jpg',4524,'305_1.jpg','2019-12-31 18:41:00','2019-12-31 18:41:00',305,'/305_1.jpg'),(373,'305_2.jpg','photo','/305_2.jpg','image/jpg',4524,'305_2.jpg','2019-12-31 18:41:00','2019-12-31 18:41:00',305,'/305_2.jpg'),(374,'305_3.jpg','photo','/305_3.jpg','image/jpg',4524,'305_3.jpg','2019-12-31 18:41:00','2019-12-31 18:41:00',305,'/305_3.jpg'),(375,'305_4.jpg','photo','/305_4.jpg','image/jpg',4524,'305_4.jpg','2019-12-31 18:41:00','2019-12-31 18:41:00',305,'/305_4.jpg'),(376,'305_5.jpg','photo','/305_5.jpg','image/jpg',4524,'305_5.jpg','2019-12-31 18:41:00','2019-12-31 18:41:00',305,'/305_5.jpg'),(377,'305_6.jpg','photo','/305_6.jpg','image/jpg',4524,'305_6.jpg','2019-12-31 18:41:00','2019-12-31 18:41:00',305,'/305_6.jpg'),(378,'305_7.jpg','photo','/305_7.jpg','image/jpg',4524,'305_7.jpg','2019-12-31 18:41:00','2019-12-31 18:41:00',305,'/305_7.jpg'),(379,'305_8.jpg','photo','/305_8.jpg','image/jpg',4524,'305_8.jpg','2019-12-31 18:41:00','2019-12-31 18:41:00',305,'/305_8.jpg'),(380,'305_9.jpg','photo','/305_9.jpg','image/jpg',4524,'305_9.jpg','2019-12-31 18:41:00','2019-12-31 18:41:00',305,'/305_9.jpg'),(381,'305_10.jpg','photo','/305_10.jpg','image/jpg',4524,'305_10.jpg','2019-12-31 18:41:00','2019-12-31 18:41:00',305,'/305_10.jpg'),(382,'305_11.jpg','photo','/305_11.jpg','image/jpg',4524,'305_11.jpg','2019-12-31 18:41:00','2019-12-31 18:41:00',305,'/305_11.jpg'),(383,'305_12.jpg','photo','/305_12.jpg','image/jpg',4524,'305_12.jpg','2019-12-31 18:41:00','2019-12-31 18:41:00',305,'/305_12.jpg'),(384,'305_13.jpg','photo','/305_13.jpg','image/jpg',4524,'305_13.jpg','2019-12-31 18:41:00','2019-12-31 18:41:00',305,'/305_13.jpg'),(385,'306_1.jpg','photo','/306_1.jpg','image/jpg',4524,'306_1.jpg','2019-12-31 18:41:00','2019-12-31 18:41:00',306,'/306_1.jpg'),(386,'306_2.jpg','photo','/306_2.jpg','image/jpg',4524,'306_2.jpg','2019-12-31 18:41:00','2019-12-31 18:41:00',306,'/306_2.jpg'),(387,'306_3.jpg','photo','/306_3.jpg','image/jpg',4524,'306_3.jpg','2019-12-31 18:41:00','2019-12-31 18:41:00',306,'/306_3.jpg'),(388,'306_4.jpg','photo','/306_4.jpg','image/jpg',4524,'306_4.jpg','2019-12-31 18:41:00','2019-12-31 18:41:00',306,'/306_4.jpg'),(389,'306_5.jpg','photo','/306_5.jpg','image/jpg',4524,'306_5.jpg','2019-12-31 18:41:00','2019-12-31 18:41:00',306,'/306_5.jpg'),(390,'306_6.jpg','photo','/306_6.jpg','image/jpg',4524,'306_6.jpg','2019-12-31 18:41:00','2019-12-31 18:41:00',306,'/306_6.jpg'),(391,'306_7.jpg','photo','/306_7.jpg','image/jpg',4524,'306_7.jpg','2019-12-31 18:41:00','2019-12-31 18:41:00',306,'/306_7.jpg'),(392,'306_8.jpg','photo','/306_8.jpg','image/jpg',4524,'306_8.jpg','2019-12-31 18:41:00','2019-12-31 18:41:00',306,'/306_8.jpg'),(393,'306_9.jpg','photo','/306_9.jpg','image/jpg',4524,'306_9.jpg','2019-12-31 18:41:00','2019-12-31 18:41:00',306,'/306_9.jpg'),(394,'306_10.jpg','photo','/306_10.jpg','image/jpg',4524,'306_10.jpg','2019-12-31 18:41:00','2019-12-31 18:41:00',306,'/306_10.jpg'),(395,'306_11.jpg','photo','/306_11.jpg','image/jpg',4524,'306_11.jpg','2019-12-31 18:41:00','2019-12-31 18:41:00',306,'/306_11.jpg'),(396,'306_12.jpg','photo','/306_12.jpg','image/jpg',4524,'306_12.jpg','2019-12-31 18:41:00','2019-12-31 18:41:00',306,'/306_12.jpg'),(397,'306_13.jpg','photo','/306_13.jpg','image/jpg',4524,'306_13.jpg','2019-12-31 18:41:00','2019-12-31 18:41:00',306,'/306_13.jpg'),(398,'306_14.jpg','photo','/306_14.jpg','image/jpg',4524,'306_14.jpg','2019-12-31 18:41:00','2019-12-31 18:41:00',306,'/306_14.jpg'),(399,'306_15.jpg','photo','/306_15.jpg','image/jpg',4524,'306_15.jpg','2019-12-31 18:41:00','2019-12-31 18:41:00',306,'/306_15.jpg'),(415,'308_1.jpg','photo','/308_1.jpg','image/jpg',4524,'308_1.jpg','2019-12-31 18:41:00','2019-12-31 18:41:00',308,'/308_1.jpg'),(416,'308_2.jpg','photo','/308_2.jpg','image/jpg',4524,'308_2.jpg','2019-12-31 18:41:00','2019-12-31 18:41:00',308,'/308_2.jpg'),(417,'308_3.jpg','photo','/308_3.jpg','image/jpg',4524,'308_3.jpg','2019-12-31 18:41:00','2019-12-31 18:41:00',308,'/308_3.jpg'),(418,'308_4.jpg','photo','/308_4.jpg','image/jpg',4524,'308_4.jpg','2019-12-31 18:41:00','2019-12-31 18:41:00',308,'/308_4.jpg'),(419,'308_5.jpg','photo','/308_5.jpg','image/jpg',4524,'308_5.jpg','2019-12-31 18:41:00','2019-12-31 18:41:00',308,'/308_5.jpg'),(420,'308_6.jpg','photo','/308_6.jpg','image/jpg',4524,'308_6.jpg','2019-12-31 18:41:00','2019-12-31 18:41:00',308,'/308_6.jpg'),(421,'308_7.jpg','photo','/308_7.jpg','image/jpg',4524,'308_7.jpg','2019-12-31 18:41:00','2019-12-31 18:41:00',308,'/308_7.jpg'),(422,'308_8.jpg','photo','/308_8.jpg','image/jpg',4524,'308_8.jpg','2019-12-31 18:41:00','2019-12-31 18:41:00',308,'/308_8.jpg'),(423,'308_9.jpg','photo','/308_9.jpg','image/jpg',4524,'308_9.jpg','2019-12-31 18:41:00','2019-12-31 18:41:00',308,'/308_9.jpg'),(424,'308_10.jpg','photo','/308_10.jpg','image/jpg',4524,'308_10.jpg','2019-12-31 18:41:00','2019-12-31 18:41:00',308,'/308_10.jpg'),(425,'308_11.jpg','photo','/308_11.jpg','image/jpg',4524,'308_11.jpg','2019-12-31 18:41:00','2019-12-31 18:41:00',308,'/308_11.jpg'),(426,'308_12.jpg','photo','/308_12.jpg','image/jpg',4524,'308_12.jpg','2019-12-31 18:41:00','2019-12-31 18:41:00',308,'/308_12.jpg'),(427,'308_13.jpg','photo','/308_13.jpg','image/jpg',4524,'308_13.jpg','2019-12-31 18:41:00','2019-12-31 18:41:00',308,'/308_13.jpg'),(428,'308_14.jpg','photo','/308_14.jpg','image/jpg',4524,'308_14.jpg','2019-12-31 18:41:00','2019-12-31 18:41:00',308,'/308_14.jpg'),(429,'308_15.jpg','photo','/308_15.jpg','image/jpg',4524,'308_15.jpg','2019-12-31 18:41:00','2019-12-31 18:41:00',308,'/308_15.jpg'),(440,'310_1.jpg','photo','/310_1.jpg','image/jpg',4524,'310_1.jpg','2019-12-31 18:41:00','2019-12-31 18:41:00',310,'/310_1.jpg'),(441,'310_2.jpg','photo','/310_2.jpg','image/jpg',4524,'310_2.jpg','2019-12-31 18:41:00','2019-12-31 18:41:00',310,'/310_2.jpg'),(442,'310_3.jpg','photo','/310_3.jpg','image/jpg',4524,'310_3.jpg','2019-12-31 18:41:00','2019-12-31 18:41:00',310,'/310_3.jpg'),(443,'310_4.jpg','photo','/310_4.jpg','image/jpg',4524,'310_4.jpg','2019-12-31 18:41:00','2019-12-31 18:41:00',310,'/310_4.jpg'),(444,'310_5.jpg','photo','/310_5.jpg','image/jpg',4524,'310_5.jpg','2019-12-31 18:41:00','2019-12-31 18:41:00',310,'/310_5.jpg'),(445,'310_6.jpg','photo','/310_6.jpg','image/jpg',4524,'310_6.jpg','2019-12-31 18:41:00','2019-12-31 18:41:00',310,'/310_6.jpg'),(446,'310_7.jpg','photo','/310_7.jpg','image/jpg',4524,'310_7.jpg','2019-12-31 18:41:00','2019-12-31 18:41:00',310,'/310_7.jpg'),(447,'310_8.jpg','photo','/310_8.jpg','image/jpg',4524,'310_8.jpg','2019-12-31 18:41:00','2019-12-31 18:41:00',310,'/310_8.jpg'),(448,'310_9.jpg','photo','/310_9.jpg','image/jpg',4524,'310_9.jpg','2019-12-31 18:41:00','2019-12-31 18:41:00',310,'/310_9.jpg'),(449,'310_10.jpg','photo','/310_10.jpg','image/jpg',4524,'310_10.jpg','2019-12-31 18:41:00','2019-12-31 18:41:00',310,'/310_10.jpg'),(450,'310_11.jpg','photo','/310_11.jpg','image/jpg',4524,'310_11.jpg','2019-12-31 18:41:00','2019-12-31 18:41:00',310,'/310_11.jpg'),(451,'310_12.jpg','photo','/310_12.jpg','image/jpg',4524,'310_12.jpg','2019-12-31 18:41:00','2019-12-31 18:41:00',310,'/310_12.jpg'),(452,'310_13.jpg','photo','/310_13.jpg','image/jpg',4524,'310_13.jpg','2019-12-31 18:41:00','2019-12-31 18:41:00',310,'/310_13.jpg'),(453,'310_14.jpg','photo','/310_14.jpg','image/jpg',4524,'310_14.jpg','2019-12-31 18:41:00','2019-12-31 18:41:00',310,'/310_14.jpg'),(454,'310_15.jpg','photo','/310_15.jpg','image/jpg',4524,'310_15.jpg','2019-12-31 18:41:00','2019-12-31 18:41:00',310,'/310_15.jpg'),(455,'311_1.jpg','photo','/311_1.jpg','image/jpg',4524,'311_1.jpg','2019-12-31 18:41:00','2019-12-31 18:41:00',311,'/311_1.jpg'),(456,'311_2.jpg','photo','/311_2.jpg','image/jpg',4524,'311_2.jpg','2019-12-31 18:41:00','2019-12-31 18:41:00',311,'/311_2.jpg'),(457,'311_3.jpg','photo','/311_3.jpg','image/jpg',4524,'311_3.jpg','2019-12-31 18:41:00','2019-12-31 18:41:00',311,'/311_3.jpg'),(458,'311_4.jpg','photo','/311_4.jpg','image/jpg',4524,'311_4.jpg','2019-12-31 18:41:00','2019-12-31 18:41:00',311,'/311_4.jpg'),(459,'311_5.jpg','photo','/311_5.jpg','image/jpg',4524,'311_5.jpg','2019-12-31 18:41:00','2019-12-31 18:41:00',311,'/311_5.jpg'),(460,'311_6.jpg','photo','/311_6.jpg','image/jpg',4524,'311_6.jpg','2019-12-31 18:41:00','2019-12-31 18:41:00',311,'/311_6.jpg'),(461,'311_7.jpg','photo','/311_7.jpg','image/jpg',4524,'311_7.jpg','2019-12-31 18:41:00','2019-12-31 18:41:00',311,'/311_7.jpg'),(462,'311_8.jpg','photo','/311_8.jpg','image/jpg',4524,'311_8.jpg','2019-12-31 18:41:00','2019-12-31 18:41:00',311,'/311_8.jpg'),(463,'311_9.jpg','photo','/311_9.jpg','image/jpg',4524,'311_9.jpg','2019-12-31 18:41:00','2019-12-31 18:41:00',311,'/311_9.jpg'),(464,'311_10.jpg','photo','/311_10.jpg','image/jpg',4524,'311_10.jpg','2019-12-31 18:41:00','2019-12-31 18:41:00',311,'/311_10.jpg'),(465,'311_11.jpg','photo','/311_11.jpg','image/jpg',4524,'311_11.jpg','2019-12-31 18:41:00','2019-12-31 18:41:00',311,'/311_11.jpg'),(466,'311_12.jpg','photo','/311_12.jpg','image/jpg',4524,'311_12.jpg','2019-12-31 18:41:00','2019-12-31 18:41:00',311,'/311_12.jpg'),(467,'311_13.jpg','photo','/311_13.jpg','image/jpg',4524,'311_13.jpg','2019-12-31 18:41:00','2019-12-31 18:41:00',311,'/311_13.jpg'),(468,'311_14.jpg','photo','/311_14.jpg','image/jpg',4524,'311_14.jpg','2019-12-31 18:41:00','2019-12-31 18:41:00',311,'/311_14.jpg'),(469,'311_15.jpg','photo','/311_15.jpg','image/jpg',4524,'311_15.jpg','2019-12-31 18:41:00','2019-12-31 18:41:00',311,'/311_15.jpg'),(470,'311_16.jpg','photo','/311_16.jpg','image/jpg',4524,'311_16.jpg','2019-12-31 18:41:00','2019-12-31 18:41:00',311,'/311_16.jpg'),(471,'311_17.jpg','photo','/311_17.jpg','image/jpg',4524,'311_17.jpg','2019-12-31 18:41:00','2019-12-31 18:41:00',311,'/311_17.jpg'),(472,'312_1.jpg','photo','/312_1.jpg','image/jpg',4524,'312_1.jpg','2019-12-31 18:41:00','2019-12-31 18:41:00',312,'/312_1.jpg'),(473,'312_2.jpg','photo','/312_2.jpg','image/jpg',4524,'312_2.jpg','2019-12-31 18:41:00','2019-12-31 18:41:00',312,'/312_2.jpg'),(474,'312_3.jpg','photo','/312_3.jpg','image/jpg',4524,'312_3.jpg','2019-12-31 18:41:00','2019-12-31 18:41:00',312,'/312_3.jpg'),(475,'312_4.jpg','photo','/312_4.jpg','image/jpg',4524,'312_4.jpg','2019-12-31 18:41:00','2019-12-31 18:41:00',312,'/312_4.jpg'),(476,'312_5.jpg','photo','/312_5.jpg','image/jpg',4524,'312_5.jpg','2019-12-31 18:41:00','2019-12-31 18:41:00',312,'/312_5.jpg'),(477,'312_6.jpg','photo','/312_6.jpg','image/jpg',4524,'312_6.jpg','2019-12-31 18:41:00','2019-12-31 18:41:00',312,'/312_6.jpg'),(478,'312_7.jpg','photo','/312_7.jpg','image/jpg',4524,'312_7.jpg','2019-12-31 18:41:00','2019-12-31 18:41:00',312,'/312_7.jpg'),(479,'312_8.jpg','photo','/312_8.jpg','image/jpg',4524,'312_8.jpg','2019-12-31 18:41:00','2019-12-31 18:41:00',312,'/312_8.jpg'),(480,'312_9.jpg','photo','/312_9.jpg','image/jpg',4524,'312_9.jpg','2019-12-31 18:41:00','2019-12-31 18:41:00',312,'/312_9.jpg'),(481,'312_10.jpg','photo','/312_10.jpg','image/jpg',4524,'312_10.jpg','2019-12-31 18:41:00','2019-12-31 18:41:00',312,'/312_10.jpg'),(482,'312_11.jpg','photo','/312_11.jpg','image/jpg',4524,'312_11.jpg','2019-12-31 18:41:00','2019-12-31 18:41:00',312,'/312_11.jpg'),(483,'312_12.jpg','photo','/312_12.jpg','image/jpg',4524,'312_12.jpg','2019-12-31 18:41:00','2019-12-31 18:41:00',312,'/312_12.jpg'),(484,'312_13.jpg','photo','/312_13.jpg','image/jpg',4524,'312_13.jpg','2019-12-31 18:41:00','2019-12-31 18:41:00',312,'/312_13.jpg'),(485,'312_14.jpg','photo','/312_14.jpg','image/jpg',4524,'312_14.jpg','2019-12-31 18:41:00','2019-12-31 18:41:00',312,'/312_14.jpg'),(486,'312_15.jpg','photo','/312_15.jpg','image/jpg',4524,'312_15.jpg','2019-12-31 18:41:00','2019-12-31 18:41:00',312,'/312_15.jpg'),(487,'313_1.jpg','photo','/313_1.jpg','image/jpg',4524,'313_1.jpg','2019-12-31 18:41:00','2019-12-31 18:41:00',313,'/313_1.jpg'),(488,'313_2.jpg','photo','/313_2.jpg','image/jpg',4524,'313_2.jpg','2019-12-31 18:41:00','2019-12-31 18:41:00',313,'/313_2.jpg'),(489,'313_3.jpg','photo','/313_3.jpg','image/jpg',4524,'313_3.jpg','2019-12-31 18:41:00','2019-12-31 18:41:00',313,'/313_3.jpg'),(490,'313_4.jpg','photo','/313_4.jpg','image/jpg',4524,'313_4.jpg','2019-12-31 18:41:00','2019-12-31 18:41:00',313,'/313_4.jpg'),(491,'313_5.jpg','photo','/313_5.jpg','image/jpg',4524,'313_5.jpg','2019-12-31 18:41:00','2019-12-31 18:41:00',313,'/313_5.jpg'),(492,'313_6.jpg','photo','/313_6.jpg','image/jpg',4524,'313_6.jpg','2019-12-31 18:41:00','2019-12-31 18:41:00',313,'/313_6.jpg'),(493,'313_7.jpg','photo','/313_7.jpg','image/jpg',4524,'313_7.jpg','2019-12-31 18:41:00','2019-12-31 18:41:00',313,'/313_7.jpg'),(494,'313_8.jpg','photo','/313_8.jpg','image/jpg',4524,'313_8.jpg','2019-12-31 18:41:00','2019-12-31 18:41:00',313,'/313_8.jpg'),(495,'313_9.jpg','photo','/313_9.jpg','image/jpg',4524,'313_9.jpg','2019-12-31 18:41:00','2019-12-31 18:41:00',313,'/313_9.jpg'),(496,'313_10.jpg','photo','/313_10.jpg','image/jpg',4524,'313_10.jpg','2019-12-31 18:41:00','2019-12-31 18:41:00',313,'/313_10.jpg'),(497,'313_11.jpg','photo','/313_11.jpg','image/jpg',4524,'313_11.jpg','2019-12-31 18:41:00','2019-12-31 18:41:00',313,'/313_11.jpg'),(498,'313_12.jpg','photo','/313_12.jpg','image/jpg',4524,'313_12.jpg','2019-12-31 18:41:00','2019-12-31 18:41:00',313,'/313_12.jpg'),(499,'313_13.jpg','photo','/313_13.jpg','image/jpg',4524,'313_13.jpg','2019-12-31 18:41:00','2019-12-31 18:41:00',313,'/313_13.jpg'),(500,'313_14.jpg','photo','/313_14.jpg','image/jpg',4524,'313_14.jpg','2019-12-31 18:41:00','2019-12-31 18:41:00',313,'/313_14.jpg'),(501,'313_15.jpg','photo','/313_15.jpg','image/jpg',4524,'313_15.jpg','2019-12-31 18:41:00','2019-12-31 18:41:00',313,'/313_15.jpg'),(515,'315_1.jpg','photo','/315_1.jpg','image/jpg',4524,'315_1.jpg','2019-12-31 18:41:00','2019-12-31 18:41:00',315,'/315_1.jpg'),(516,'315_2.jpg','photo','/315_2.jpg','image/jpg',4524,'315_2.jpg','2019-12-31 18:41:00','2019-12-31 18:41:00',315,'/315_2.jpg'),(517,'315_3.jpg','photo','/315_3.jpg','image/jpg',4524,'315_3.jpg','2019-12-31 18:41:00','2019-12-31 18:41:00',315,'/315_3.jpg'),(518,'315_4.jpg','photo','/315_4.jpg','image/jpg',4524,'315_4.jpg','2019-12-31 18:41:00','2019-12-31 18:41:00',315,'/315_4.jpg'),(519,'315_5.jpg','photo','/315_5.jpg','image/jpg',4524,'315_5.jpg','2019-12-31 18:41:00','2019-12-31 18:41:00',315,'/315_5.jpg'),(520,'315_6.jpg','photo','/315_6.jpg','image/jpg',4524,'315_6.jpg','2019-12-31 18:41:00','2019-12-31 18:41:00',315,'/315_6.jpg'),(521,'315_7.jpg','photo','/315_7.jpg','image/jpg',4524,'315_7.jpg','2019-12-31 18:41:00','2019-12-31 18:41:00',315,'/315_7.jpg'),(522,'315_8.jpg','photo','/315_8.jpg','image/jpg',4524,'315_8.jpg','2019-12-31 18:41:00','2019-12-31 18:41:00',315,'/315_8.jpg'),(523,'315_9.jpg','photo','/315_9.jpg','image/jpg',4524,'315_9.jpg','2019-12-31 18:41:00','2019-12-31 18:41:00',315,'/315_9.jpg'),(524,'315_10.jpg','photo','/315_10.jpg','image/jpg',4524,'315_10.jpg','2019-12-31 18:41:00','2019-12-31 18:41:00',315,'/315_10.jpg'),(525,'315_11.jpg','photo','/315_11.jpg','image/jpg',4524,'315_11.jpg','2019-12-31 18:41:00','2019-12-31 18:41:00',315,'/315_11.jpg'),(526,'315_12.jpg','photo','/315_12.jpg','image/jpg',4524,'315_12.jpg','2019-12-31 18:41:00','2019-12-31 18:41:00',315,'/315_12.jpg'),(527,'315_13.jpg','photo','/315_13.jpg','image/jpg',4524,'315_13.jpg','2019-12-31 18:41:00','2019-12-31 18:41:00',315,'/315_13.jpg'),(528,'315_14.jpg','photo','/315_14.jpg','image/jpg',4524,'315_14.jpg','2019-12-31 18:41:00','2019-12-31 18:41:00',315,'/315_14.jpg'),(529,'315_15.jpg','photo','/315_15.jpg','image/jpg',4524,'315_15.jpg','2019-12-31 18:41:00','2019-12-31 18:41:00',315,'/315_15.jpg'),(530,'316_1.jpg','photo','/316_1.jpg','image/jpg',4524,'316_1.jpg','2019-12-31 18:41:00','2019-12-31 18:41:00',316,'/316_1.jpg'),(531,'316_2.jpg','photo','/316_2.jpg','image/jpg',4524,'316_2.jpg','2019-12-31 18:41:00','2019-12-31 18:41:00',316,'/316_2.jpg'),(532,'316_3.jpg','photo','/316_3.jpg','image/jpg',4524,'316_3.jpg','2019-12-31 18:41:00','2019-12-31 18:41:00',316,'/316_3.jpg'),(533,'316_4.jpg','photo','/316_4.jpg','image/jpg',4524,'316_4.jpg','2019-12-31 18:41:00','2019-12-31 18:41:00',316,'/316_4.jpg'),(534,'316_5.jpg','photo','/316_5.jpg','image/jpg',4524,'316_5.jpg','2019-12-31 18:41:00','2019-12-31 18:41:00',316,'/316_5.jpg'),(535,'316_6.jpg','photo','/316_6.jpg','image/jpg',4524,'316_6.jpg','2019-12-31 18:41:00','2019-12-31 18:41:00',316,'/316_6.jpg'),(536,'316_7.jpg','photo','/316_7.jpg','image/jpg',4524,'316_7.jpg','2019-12-31 18:41:00','2019-12-31 18:41:00',316,'/316_7.jpg'),(537,'316_8.jpg','photo','/316_8.jpg','image/jpg',4524,'316_8.jpg','2019-12-31 18:41:00','2019-12-31 18:41:00',316,'/316_8.jpg'),(538,'316_9.jpg','photo','/316_9.jpg','image/jpg',4524,'316_9.jpg','2019-12-31 18:41:00','2019-12-31 18:41:00',316,'/316_9.jpg'),(539,'316_10.jpg','photo','/316_10.jpg','image/jpg',4524,'316_10.jpg','2019-12-31 18:41:00','2019-12-31 18:41:00',316,'/316_10.jpg'),(540,'316_11.jpg','photo','/316_11.jpg','image/jpg',4524,'316_11.jpg','2019-12-31 18:41:00','2019-12-31 18:41:00',316,'/316_11.jpg'),(541,'316_12.jpg','photo','/316_12.jpg','image/jpg',4524,'316_12.jpg','2019-12-31 18:41:00','2019-12-31 18:41:00',316,'/316_12.jpg'),(542,'316_13.jpg','photo','/316_13.jpg','image/jpg',4524,'316_13.jpg','2019-12-31 18:41:00','2019-12-31 18:41:00',316,'/316_13.jpg'),(543,'316_14.jpg','photo','/316_14.jpg','image/jpg',4524,'316_14.jpg','2019-12-31 18:41:00','2019-12-31 18:41:00',316,'/316_14.jpg'),(544,'316_15.jpg','photo','/316_15.jpg','image/jpg',4524,'316_15.jpg','2019-12-31 18:41:00','2019-12-31 18:41:00',316,'/316_15.jpg'),(545,'317_1.jpg','photo','/317_1.jpg','image/jpg',4524,'317_1.jpg','2019-12-31 18:41:00','2019-12-31 18:41:00',317,'/317_1.jpg'),(546,'317_2.jpg','photo','/317_2.jpg','image/jpg',4524,'317_2.jpg','2019-12-31 18:41:00','2019-12-31 18:41:00',317,'/317_2.jpg'),(547,'317_3.jpg','photo','/317_3.jpg','image/jpg',4524,'317_3.jpg','2019-12-31 18:41:00','2019-12-31 18:41:00',317,'/317_3.jpg'),(548,'317_4.jpg','photo','/317_4.jpg','image/jpg',4524,'317_4.jpg','2019-12-31 18:41:00','2019-12-31 18:41:00',317,'/317_4.jpg'),(549,'317_5.jpg','photo','/317_5.jpg','image/jpg',4524,'317_5.jpg','2019-12-31 18:41:00','2019-12-31 18:41:00',317,'/317_5.jpg'),(550,'317_6.jpg','photo','/317_6.jpg','image/jpg',4524,'317_6.jpg','2019-12-31 18:41:00','2019-12-31 18:41:00',317,'/317_6.jpg'),(551,'317_7.jpg','photo','/317_7.jpg','image/jpg',4524,'317_7.jpg','2019-12-31 18:41:00','2019-12-31 18:41:00',317,'/317_7.jpg'),(552,'317_8.jpg','photo','/317_8.jpg','image/jpg',4524,'317_8.jpg','2019-12-31 18:41:00','2019-12-31 18:41:00',317,'/317_8.jpg'),(553,'317_9.jpg','photo','/317_9.jpg','image/jpg',4524,'317_9.jpg','2019-12-31 18:41:00','2019-12-31 18:41:00',317,'/317_9.jpg'),(554,'317_10.jpg','photo','/317_10.jpg','image/jpg',4524,'317_10.jpg','2019-12-31 18:41:00','2019-12-31 18:41:00',317,'/317_10.jpg'),(568,'319_1.jpg','photo','/319_1.jpg','image/jpg',4524,'319_1.jpg','2019-12-31 18:41:00','2019-12-31 18:41:00',319,'/319_1.jpg'),(569,'319_2.jpg','photo','/319_2.jpg','image/jpg',4524,'319_2.jpg','2019-12-31 18:41:00','2019-12-31 18:41:00',319,'/319_2.jpg'),(570,'319_3.jpg','photo','/319_3.jpg','image/jpg',4524,'319_3.jpg','2019-12-31 18:41:00','2019-12-31 18:41:00',319,'/319_3.jpg'),(571,'319_4.jpg','photo','/319_4.jpg','image/jpg',4524,'319_4.jpg','2019-12-31 18:41:00','2019-12-31 18:41:00',319,'/319_4.jpg'),(572,'319_5.jpg','photo','/319_5.jpg','image/jpg',4524,'319_5.jpg','2019-12-31 18:41:00','2019-12-31 18:41:00',319,'/319_5.jpg'),(573,'319_6.jpg','photo','/319_6.jpg','image/jpg',4524,'319_6.jpg','2019-12-31 18:41:00','2019-12-31 18:41:00',319,'/319_6.jpg'),(574,'319_7.jpg','photo','/319_7.jpg','image/jpg',4524,'319_7.jpg','2019-12-31 18:41:00','2019-12-31 18:41:00',319,'/319_7.jpg'),(575,'319_8.jpg','photo','/319_8.jpg','image/jpg',4524,'319_8.jpg','2019-12-31 18:41:00','2019-12-31 18:41:00',319,'/319_8.jpg'),(576,'319_9.jpg','photo','/319_9.jpg','image/jpg',4524,'319_9.jpg','2019-12-31 18:41:00','2019-12-31 18:41:00',319,'/319_9.jpg'),(577,'319_10.jpg','photo','/319_10.jpg','image/jpg',4524,'319_10.jpg','2019-12-31 18:41:00','2019-12-31 18:41:00',319,'/319_10.jpg'),(578,'319_11.jpg','photo','/319_11.jpg','image/jpg',4524,'319_11.jpg','2019-12-31 18:41:00','2019-12-31 18:41:00',319,'/319_11.jpg'),(579,'319_12.jpg','photo','/319_12.jpg','image/jpg',4524,'319_12.jpg','2019-12-31 18:41:00','2019-12-31 18:41:00',319,'/319_12.jpg'),(580,'319_13.jpg','photo','/319_13.jpg','image/jpg',4524,'319_13.jpg','2019-12-31 18:41:00','2019-12-31 18:41:00',319,'/319_13.jpg'),(581,'319_14.jpg','photo','/319_14.jpg','image/jpg',4524,'319_14.jpg','2019-12-31 18:41:00','2019-12-31 18:41:00',319,'/319_14.jpg'),(582,'319_15.jpg','photo','/319_15.jpg','image/jpg',4524,'319_15.jpg','2019-12-31 18:41:00','2019-12-31 18:41:00',319,'/319_15.jpg'),(583,'320_1.jpg','photo','/320_1.jpg','image/jpg',4524,'320_1.jpg','2019-12-31 18:41:00','2019-12-31 18:41:00',320,'/320_1.jpg'),(584,'320_2.jpg','photo','/320_2.jpg','image/jpg',4524,'320_2.jpg','2019-12-31 18:41:00','2019-12-31 18:41:00',320,'/320_2.jpg'),(585,'320_3.jpg','photo','/320_3.jpg','image/jpg',4524,'320_3.jpg','2019-12-31 18:41:00','2019-12-31 18:41:00',320,'/320_3.jpg'),(586,'320_4.jpg','photo','/320_4.jpg','image/jpg',4524,'320_4.jpg','2019-12-31 18:41:00','2019-12-31 18:41:00',320,'/320_4.jpg'),(587,'320_5.jpg','photo','/320_5.jpg','image/jpg',4524,'320_5.jpg','2019-12-31 18:41:00','2019-12-31 18:41:00',320,'/320_5.jpg'),(588,'320_6.jpg','photo','/320_6.jpg','image/jpg',4524,'320_6.jpg','2019-12-31 18:41:00','2019-12-31 18:41:00',320,'/320_6.jpg'),(589,'320_7.jpg','photo','/320_7.jpg','image/jpg',4524,'320_7.jpg','2019-12-31 18:41:00','2019-12-31 18:41:00',320,'/320_7.jpg'),(590,'320_8.jpg','photo','/320_8.jpg','image/jpg',4524,'320_8.jpg','2019-12-31 18:41:00','2019-12-31 18:41:00',320,'/320_8.jpg'),(591,'320_9.jpg','photo','/320_9.jpg','image/jpg',4524,'320_9.jpg','2019-12-31 18:41:00','2019-12-31 18:41:00',320,'/320_9.jpg'),(592,'320_10.jpg','photo','/320_10.jpg','image/jpg',4524,'320_10.jpg','2019-12-31 18:41:00','2019-12-31 18:41:00',320,'/320_10.jpg'),(593,'320_11.jpg','photo','/320_11.jpg','image/jpg',4524,'320_11.jpg','2019-12-31 18:41:00','2019-12-31 18:41:00',320,'/320_11.jpg'),(654,'325_1.jpg','photo','/325_1.jpg','image/jpg',4524,'325_1.jpg','2019-12-31 18:41:00','2019-12-31 18:41:00',325,'/325_1.jpg'),(655,'325_2.jpg','photo','/325_2.jpg','image/jpg',4524,'325_2.jpg','2019-12-31 18:41:00','2019-12-31 18:41:00',325,'/325_2.jpg'),(656,'325_3.jpg','photo','/325_3.jpg','image/jpg',4524,'325_3.jpg','2019-12-31 18:41:00','2019-12-31 18:41:00',325,'/325_3.jpg'),(657,'325_4.jpg','photo','/325_4.jpg','image/jpg',4524,'325_4.jpg','2019-12-31 18:41:00','2019-12-31 18:41:00',325,'/325_4.jpg'),(658,'325_5.jpg','photo','/325_5.jpg','image/jpg',4524,'325_5.jpg','2019-12-31 18:41:00','2019-12-31 18:41:00',325,'/325_5.jpg'),(659,'325_6.jpg','photo','/325_6.jpg','image/jpg',4524,'325_6.jpg','2019-12-31 18:41:00','2019-12-31 18:41:00',325,'/325_6.jpg'),(660,'325_7.jpg','photo','/325_7.jpg','image/jpg',4524,'325_7.jpg','2019-12-31 18:41:00','2019-12-31 18:41:00',325,'/325_7.jpg'),(661,'325_8.jpg','photo','/325_8.jpg','image/jpg',4524,'325_8.jpg','2019-12-31 18:41:00','2019-12-31 18:41:00',325,'/325_8.jpg'),(662,'325_9.jpg','photo','/325_9.jpg','image/jpg',4524,'325_9.jpg','2019-12-31 18:41:00','2019-12-31 18:41:00',325,'/325_9.jpg'),(663,'325_10.jpg','photo','/325_10.jpg','image/jpg',4524,'325_10.jpg','2019-12-31 18:41:00','2019-12-31 18:41:00',325,'/325_10.jpg'),(664,'325_11.jpg','photo','/325_11.jpg','image/jpg',4524,'325_11.jpg','2019-12-31 18:41:00','2019-12-31 18:41:00',325,'/325_11.jpg'),(665,'326_1.jpg','photo','/326_1.jpg','image/jpg',4524,'326_1.jpg','2019-12-31 18:41:00','2019-12-31 18:41:00',326,'/326_1.jpg'),(666,'326_2.jpg','photo','/326_2.jpg','image/jpg',4524,'326_2.jpg','2019-12-31 18:41:00','2019-12-31 18:41:00',326,'/326_2.jpg'),(667,'326_3.jpg','photo','/326_3.jpg','image/jpg',4524,'326_3.jpg','2019-12-31 18:41:00','2019-12-31 18:41:00',326,'/326_3.jpg'),(668,'326_4.jpg','photo','/326_4.jpg','image/jpg',4524,'326_4.jpg','2019-12-31 18:41:00','2019-12-31 18:41:00',326,'/326_4.jpg'),(669,'326_5.jpg','photo','/326_5.jpg','image/jpg',4524,'326_5.jpg','2019-12-31 18:41:00','2019-12-31 18:41:00',326,'/326_5.jpg'),(670,'326_6.jpg','photo','/326_6.jpg','image/jpg',4524,'326_6.jpg','2019-12-31 18:41:00','2019-12-31 18:41:00',326,'/326_6.jpg'),(671,'326_7.jpg','photo','/326_7.jpg','image/jpg',4524,'326_7.jpg','2019-12-31 18:41:00','2019-12-31 18:41:00',326,'/326_7.jpg'),(672,'326_8.jpg','photo','/326_8.jpg','image/jpg',4524,'326_8.jpg','2019-12-31 18:41:00','2019-12-31 18:41:00',326,'/326_8.jpg'),(673,'326_9.jpg','photo','/326_9.jpg','image/jpg',4524,'326_9.jpg','2019-12-31 18:41:00','2019-12-31 18:41:00',326,'/326_9.jpg'),(674,'326_10.jpg','photo','/326_10.jpg','image/jpg',4524,'326_10.jpg','2019-12-31 18:41:00','2019-12-31 18:41:00',326,'/326_10.jpg'),(675,'326_11.jpg','photo','/326_11.jpg','image/jpg',4524,'326_11.jpg','2019-12-31 18:41:00','2019-12-31 18:41:00',326,'/326_11.jpg'),(676,'326_12.jpg','photo','/326_12.jpg','image/jpg',4524,'326_12.jpg','2019-12-31 18:41:00','2019-12-31 18:41:00',326,'/326_12.jpg'),(677,'326_13.jpg','photo','/326_13.jpg','image/jpg',4524,'326_13.jpg','2019-12-31 18:41:00','2019-12-31 18:41:00',326,'/326_13.jpg'),(678,'326_14.jpg','photo','/326_14.jpg','image/jpg',4524,'326_14.jpg','2019-12-31 18:41:00','2019-12-31 18:41:00',326,'/326_14.jpg'),(679,'326_15.jpg','photo','/326_15.jpg','image/jpg',4524,'326_15.jpg','2019-12-31 18:41:00','2019-12-31 18:41:00',326,'/326_15.jpg'),(680,'327_1.jpg','photo','/327_1.jpg','image/jpg',4524,'327_1.jpg','2019-12-31 18:41:00','2019-12-31 18:41:00',327,'/327_1.jpg'),(681,'327_2.jpg','photo','/327_2.jpg','image/jpg',4524,'327_2.jpg','2019-12-31 18:41:00','2019-12-31 18:41:00',327,'/327_2.jpg'),(682,'327_3.jpg','photo','/327_3.jpg','image/jpg',4524,'327_3.jpg','2019-12-31 18:41:00','2019-12-31 18:41:00',327,'/327_3.jpg'),(683,'327_4.jpg','photo','/327_4.jpg','image/jpg',4524,'327_4.jpg','2019-12-31 18:41:00','2019-12-31 18:41:00',327,'/327_4.jpg'),(684,'327_5.jpg','photo','/327_5.jpg','image/jpg',4524,'327_5.jpg','2019-12-31 18:41:00','2019-12-31 18:41:00',327,'/327_5.jpg'),(685,'327_6.jpg','photo','/327_6.jpg','image/jpg',4524,'327_6.jpg','2019-12-31 18:41:00','2019-12-31 18:41:00',327,'/327_6.jpg'),(686,'327_7.jpg','photo','/327_7.jpg','image/jpg',4524,'327_7.jpg','2019-12-31 18:41:00','2019-12-31 18:41:00',327,'/327_7.jpg'),(687,'327_8.jpg','photo','/327_8.jpg','image/jpg',4524,'327_8.jpg','2019-12-31 18:41:00','2019-12-31 18:41:00',327,'/327_8.jpg'),(688,'327_9.jpg','photo','/327_9.jpg','image/jpg',4524,'327_9.jpg','2019-12-31 18:41:00','2019-12-31 18:41:00',327,'/327_9.jpg'),(689,'327_10.jpg','photo','/327_10.jpg','image/jpg',4524,'327_10.jpg','2019-12-31 18:41:00','2019-12-31 18:41:00',327,'/327_10.jpg'),(690,'327_11.jpg','photo','/327_11.jpg','image/jpg',4524,'327_11.jpg','2019-12-31 18:41:00','2019-12-31 18:41:00',327,'/327_11.jpg'),(691,'327_12.jpg','photo','/327_12.jpg','image/jpg',4524,'327_12.jpg','2019-12-31 18:41:00','2019-12-31 18:41:00',327,'/327_12.jpg'),(692,'327_13.jpg','photo','/327_13.jpg','image/jpg',4524,'327_13.jpg','2019-12-31 18:41:00','2019-12-31 18:41:00',327,'/327_13.jpg'),(693,'327_14.jpg','photo','/327_14.jpg','image/jpg',4524,'327_14.jpg','2019-12-31 18:41:00','2019-12-31 18:41:00',327,'/327_14.jpg'),(694,'327_15.jpg','photo','/327_15.jpg','image/jpg',4524,'327_15.jpg','2019-12-31 18:41:00','2019-12-31 18:41:00',327,'/327_15.jpg'),(695,'327_16.jpg','photo','/327_16.jpg','image/jpg',4524,'327_16.jpg','2019-12-31 18:41:00','2019-12-31 18:41:00',327,'/327_16.jpg'),(696,'327_17.jpg','photo','/327_17.jpg','image/jpg',4524,'327_17.jpg','2019-12-31 18:41:00','2019-12-31 18:41:00',327,'/327_17.jpg'),(697,'327_18.jpg','photo','/327_18.jpg','image/jpg',4524,'327_18.jpg','2019-12-31 18:41:00','2019-12-31 18:41:00',327,'/327_18.jpg'),(698,'327_19.jpg','photo','/327_19.jpg','image/jpg',4524,'327_19.jpg','2019-12-31 18:41:00','2019-12-31 18:41:00',327,'/327_19.jpg'),(699,'327_20.jpg','photo','/327_20.jpg','image/jpg',4524,'327_20.jpg','2019-12-31 18:41:00','2019-12-31 18:41:00',327,'/327_20.jpg'),(700,'327_21.jpg','photo','/327_21.jpg','image/jpg',4524,'327_21.jpg','2019-12-31 18:41:00','2019-12-31 18:41:00',327,'/327_21.jpg'),(701,'327_22.jpg','photo','/327_22.jpg','image/jpg',4524,'327_22.jpg','2019-12-31 18:41:00','2019-12-31 18:41:00',327,'/327_22.jpg'),(716,'329_1.jpg','photo','/329_1.jpg','image/jpg',4524,'329_1.jpg','2019-12-31 18:41:00','2019-12-31 18:41:00',329,'/329_1.jpg'),(717,'329_2.jpg','photo','/329_2.jpg','image/jpg',4524,'329_2.jpg','2019-12-31 18:41:00','2019-12-31 18:41:00',329,'/329_2.jpg'),(718,'329_3.jpg','photo','/329_3.jpg','image/jpg',4524,'329_3.jpg','2019-12-31 18:41:00','2019-12-31 18:41:00',329,'/329_3.jpg'),(719,'329_4.jpg','photo','/329_4.jpg','image/jpg',4524,'329_4.jpg','2019-12-31 18:41:00','2019-12-31 18:41:00',329,'/329_4.jpg'),(720,'329_5.jpg','photo','/329_5.jpg','image/jpg',4524,'329_5.jpg','2019-12-31 18:41:00','2019-12-31 18:41:00',329,'/329_5.jpg'),(721,'329_6.jpg','photo','/329_6.jpg','image/jpg',4524,'329_6.jpg','2019-12-31 18:41:00','2019-12-31 18:41:00',329,'/329_6.jpg'),(722,'329_7.jpg','photo','/329_7.jpg','image/jpg',4524,'329_7.jpg','2019-12-31 18:41:00','2019-12-31 18:41:00',329,'/329_7.jpg'),(723,'329_8.jpg','photo','/329_8.jpg','image/jpg',4524,'329_8.jpg','2019-12-31 18:41:00','2019-12-31 18:41:00',329,'/329_8.jpg'),(724,'329_9.jpg','photo','/329_9.jpg','image/jpg',4524,'329_9.jpg','2019-12-31 18:41:00','2019-12-31 18:41:00',329,'/329_9.jpg'),(725,'329_10.jpg','photo','/329_10.jpg','image/jpg',4524,'329_10.jpg','2019-12-31 18:41:00','2019-12-31 18:41:00',329,'/329_10.jpg'),(726,'329_11.jpg','photo','/329_11.jpg','image/jpg',4524,'329_11.jpg','2019-12-31 18:41:00','2019-12-31 18:41:00',329,'/329_11.jpg'),(727,'329_12.jpg','photo','/329_12.jpg','image/jpg',4524,'329_12.jpg','2019-12-31 18:41:00','2019-12-31 18:41:00',329,'/329_12.jpg'),(728,'329_13.jpg','photo','/329_13.jpg','image/jpg',4524,'329_13.jpg','2019-12-31 18:41:00','2019-12-31 18:41:00',329,'/329_13.jpg'),(729,'329_14.jpg','photo','/329_14.jpg','image/jpg',4524,'329_14.jpg','2019-12-31 18:41:00','2019-12-31 18:41:00',329,'/329_14.jpg'),(730,'329_15.jpg','photo','/329_15.jpg','image/jpg',4524,'329_15.jpg','2019-12-31 18:41:00','2019-12-31 18:41:00',329,'/329_15.jpg'),(731,'329_16.jpg','photo','/329_16.jpg','image/jpg',4524,'329_16.jpg','2019-12-31 18:41:00','2019-12-31 18:41:00',329,'/329_16.jpg'),(732,'329_17.jpg','photo','/329_17.jpg','image/jpg',4524,'329_17.jpg','2019-12-31 18:41:00','2019-12-31 18:41:00',329,'/329_17.jpg'),(733,'330_1.jpg','photo','/330_1.jpg','image/jpg',4524,'330_1.jpg','2019-12-31 18:41:00','2019-12-31 18:41:00',330,'/330_1.jpg'),(734,'330_2.jpg','photo','/330_2.jpg','image/jpg',4524,'330_2.jpg','2019-12-31 18:41:00','2019-12-31 18:41:00',330,'/330_2.jpg'),(735,'330_3.jpg','photo','/330_3.jpg','image/jpg',4524,'330_3.jpg','2019-12-31 18:41:00','2019-12-31 18:41:00',330,'/330_3.jpg'),(736,'330_4.jpg','photo','/330_4.jpg','image/jpg',4524,'330_4.jpg','2019-12-31 18:41:00','2019-12-31 18:41:00',330,'/330_4.jpg'),(737,'330_5.jpg','photo','/330_5.jpg','image/jpg',4524,'330_5.jpg','2019-12-31 18:41:00','2019-12-31 18:41:00',330,'/330_5.jpg'),(738,'330_6.jpg','photo','/330_6.jpg','image/jpg',4524,'330_6.jpg','2019-12-31 18:41:00','2019-12-31 18:41:00',330,'/330_6.jpg'),(739,'330_7.jpg','photo','/330_7.jpg','image/jpg',4524,'330_7.jpg','2019-12-31 18:41:00','2019-12-31 18:41:00',330,'/330_7.jpg'),(740,'330_8.jpg','photo','/330_8.jpg','image/jpg',4524,'330_8.jpg','2019-12-31 18:41:00','2019-12-31 18:41:00',330,'/330_8.jpg'),(741,'330_9.jpg','photo','/330_9.jpg','image/jpg',4524,'330_9.jpg','2019-12-31 18:41:00','2019-12-31 18:41:00',330,'/330_9.jpg'),(742,'330_10.jpg','photo','/330_10.jpg','image/jpg',4524,'330_10.jpg','2019-12-31 18:41:00','2019-12-31 18:41:00',330,'/330_10.jpg'),(743,'330_11.jpg','photo','/330_11.jpg','image/jpg',4524,'330_11.jpg','2019-12-31 18:41:00','2019-12-31 18:41:00',330,'/330_11.jpg'),(744,'330_12.jpg','photo','/330_12.jpg','image/jpg',4524,'330_12.jpg','2019-12-31 18:41:00','2019-12-31 18:41:00',330,'/330_12.jpg'),(745,'330_13.jpg','photo','/330_13.jpg','image/jpg',4524,'330_13.jpg','2019-12-31 18:41:00','2019-12-31 18:41:00',330,'/330_13.jpg'),(746,'61162_28330_2623.jpg','iloveupload2','/15782320970080.jpg','image/jpeg',216805,'15782320970080.jpg','2020-01-05 22:48:17','2020-01-05 22:48:17',331,'/15782320970080_resize_320x320.jpg'),(747,'다운로드.jpeg','iloveupload3','/15782320970080.jpeg','image/jpeg',131046,'15782320970080.jpeg','2020-01-05 22:48:17','2020-01-05 22:48:17',331,'/15782320970080_resize_320x320.jpeg'),(748,'AJAX_logo_by_gengns.svg.png','iloveupload4','/15782320970080.png','image/png',138779,'15782320970080.png','2020-01-05 22:48:17','2020-01-05 22:48:17',331,'/15782320970080_resize_320x320.png'),(749,'1b99807ee224586116bce61dd88d11c9.jpg','iloveupload5','/15782320970081.jpg','image/jpeg',203114,'15782320970081.jpg','2020-01-05 22:48:18','2020-01-05 22:48:18',331,'/15782320970081_resize_320x320.jpg');
/*!40000 ALTER TABLE `image` ENABLE KEYS */;
UNLOCK TABLES;

--
-- Table structure for table `info`
--

DROP TABLE IF EXISTS `info`;
/*!40101 SET @saved_cs_client     = @@character_set_client */;
/*!40101 SET character_set_client = utf8 */;
CREATE TABLE `info` (
  `feeitem` int(11) DEFAULT NULL COMMENT '?߰????? > ???????׸?\\n?? : ???ͳ?,????tv,û?Һ?,??????,???ð???,???⼼,??Ÿ',
  `parking` tinyint(4) NOT NULL COMMENT '?߰????? > ????????\\\\\\\\n?? : ?Ұ???,???? 00???',
  `pet` tinyint(4) NOT NULL COMMENT '?߰????? > ?ݷ????? ?? : T / F',
  `elevator` tinyint(4) NOT NULL COMMENT '?߰????? > ??????????\\\\n?? : ????, ????',
  `veranda` tinyint(4) NOT NULL COMMENT '?߰????? > ??????/???ڴ?\\\\n?? : ????,????',
  `builtin` tinyint(4) NOT NULL COMMENT '?߰????? > ??Ʈ??\\\\n?? : ???? , ????',
  `optionitem` int(11) DEFAULT NULL COMMENT '?߰????? > ?ɼ??׸?\\\\\\\\\\\\\\\\n?? : ??????,??Ź??,ħ??,å??,????,TV,?Ź???,??????,??????????,?δ???,???ڷ?????,???ڵ?????,?',
  `loan` tinyint(4) NOT NULL COMMENT '?߰????? > ?????ڱݴ???\\\\\\\\\\\\\\\\\\\\\\\\\\\\\\\\n?? : ?Ұ??? , ???',
  `supplyarea` int(11) NOT NULL COMMENT '?⺻???? > ?ǹ?ũ?? > ???޸??? ???????',
  `maxfloor` int(11) NOT NULL COMMENT '?⺻???? > ?ǹ????? > ?ǹ?????\\\\n?? : 1?? ~ 20?',
  `heater` tinyint(4) NOT NULL COMMENT '?⺻???? > ????????\\\\\\\\\\\\\\\\n??: ?߾? ???? , ???????? , ???? ???',
  `commingday` varchar(45) NOT NULL COMMENT '?⺻???? > ???ְ?????\\\\n?? : ???? ???? , ??¥ ???? , ??¥ ???',
  `buildtype` varchar(45) NOT NULL COMMENT '?Ź????? > ?ǹ?????\\\\n?? - ?ܵ????? , ?ٰ??????? , ????/????/?ټ??',
  `content` text NOT NULL COMMENT '????? > ????? ????',
  `roomno` int(11) NOT NULL,
  `chart1` int(11) DEFAULT NULL,
  `chart2` int(11) DEFAULT NULL,
  `chart3` int(11) DEFAULT NULL,
  `chart4` int(11) DEFAULT NULL,
  `chart5` int(11) DEFAULT NULL,
  PRIMARY KEY (`roomno`),
  CONSTRAINT `fk_info_room1` FOREIGN KEY (`roomno`) REFERENCES `room` (`roomno`) ON DELETE CASCADE ON UPDATE CASCADE
) ENGINE=InnoDB DEFAULT CHARSET=utf8;
/*!40101 SET character_set_client = @saved_cs_client */;

--
-- Dumping data for table `info`
--

LOCK TABLES `info` WRITE;
/*!40000 ALTER TABLE `info` DISABLE KEYS */;
INSERT INTO `info` VALUES (166,5,0,1,1,1,8125,1,65,14,1,'즉시입주','빌라/연립/다세대','',2,98,61,68,42,65),(203,3,1,0,1,0,6077,1,44,17,0,'즉시입주','오피스텔','',3,38,73,69,54,48),(184,0,1,1,1,1,1599,0,34,15,2,'2019-11-01','오피스텔','',4,46,30,57,92,94),(215,-1,1,0,0,1,3751,1,96,15,0,'2019-12-17','다가구주택','',5,82,37,54,41,30),(191,0,1,0,0,1,1981,1,74,18,0,'날짜협의','빌라/연립/다세대','',7,64,89,68,69,87),(227,8,0,1,1,1,84,1,27,11,2,'날짜협의','단독주택','',8,61,81,54,57,98),(238,3,1,1,0,1,5693,1,58,17,0,'2020-01-29','다가구주택','',11,92,38,42,69,67),(219,2,0,1,1,0,6905,1,43,8,0,'2020-01-17','빌라/연립/다세대','',13,69,59,62,48,68),(150,0,1,0,1,0,3433,1,36,7,0,'날짜협의','다가구주택','*** 신논현역 도보 3분 거리\n*** 봉은사로 대로 바로 인접해 있습니다\n*** 보안,치안 확실한 여성 선호형 오피스텔입니다.',14,60,77,95,81,44),(193,5,0,1,1,0,4956,1,105,13,2,'즉시입주','단독주택','',16,84,93,66,84,96),(219,7,1,0,1,1,3729,1,50,18,1,'날짜협의','빌라/연립/다세대','',17,96,72,84,90,85),(199,0,1,1,1,0,7049,0,104,18,0,'2020-01-14','오피스텔','',18,45,47,37,37,62),(133,0,0,1,0,0,2285,1,68,16,2,'즉시입주','단독주택','',19,70,54,38,85,45),(225,3,1,1,1,1,3977,0,54,18,0,'즉시입주','오피스텔','',20,68,58,98,61,56),(172,1,0,1,1,1,7567,1,40,8,0,'날짜협의','빌라/연립/다세대','',23,63,38,91,46,64),(177,0,0,0,1,1,952,0,54,9,2,'2020-01-21','다가구주택','',24,67,68,41,97,100),(247,0,1,0,1,0,7134,1,44,14,1,'즉시입주','단독주택','',25,74,42,74,64,85),(210,9,1,0,0,1,4389,0,33,10,2,'2019-12-24','단독주택','',26,94,77,49,73,87),(243,2,0,1,1,0,2988,0,23,10,0,'즉시입주','오피스텔','',28,47,41,44,64,45),(230,2,1,0,0,0,5246,1,33,10,1,'2019-12-18','다가구주택','',29,82,46,57,62,69),(182,2,0,1,0,0,5668,0,72,11,2,'2020-01-11','오피스텔','',30,82,98,42,88,100),(210,7,1,0,0,1,1708,0,50,7,2,'즉시입주','단독주택','',31,86,98,79,91,58),(247,0,0,0,1,0,816,0,64,13,1,'2020-01-23','오피스텔','',32,79,55,85,52,98),(133,4,0,1,1,1,2759,1,61,17,0,'날짜협의','다가구주택','',33,43,83,86,63,53),(209,-1,0,0,0,1,5033,1,33,9,0,'2019-11-14','오피스텔','',36,89,50,71,34,77),(215,-1,0,0,1,0,920,0,63,12,2,'날짜협의','다가구주택','',37,35,100,60,46,78),(247,-1,0,0,0,1,3610,0,43,12,1,'2020-01-02','빌라/연립/다세대','',38,33,98,60,31,58),(144,3,0,1,1,1,2401,1,53,17,0,'2019-12-23','단독주택','',39,51,31,79,63,38),(175,10,0,0,1,0,1055,1,89,8,2,'즉시입주','단독주택','',40,38,42,46,92,31),(216,3,1,1,1,1,4015,1,33,11,1,'2020-01-23','오피스텔','',46,97,67,93,88,80),(171,0,1,1,1,0,659,1,52,8,1,'즉시입주','오피스텔','',47,84,73,66,55,68),(187,4,1,0,0,1,1809,1,37,10,0,'2020-01-08','오피스텔','',48,36,40,69,95,53),(242,12,0,1,1,1,7746,0,25,8,1,'2020-01-30','단독주택','',50,97,30,64,85,73),(162,-1,0,1,1,1,1145,1,51,16,1,'날짜협의','빌라/연립/다세대','',52,43,72,56,84,57),(224,0,1,1,1,1,6979,0,25,18,0,'날짜협의','오피스텔','',53,34,98,55,51,64),(130,6,0,0,1,0,284,0,31,16,1,'2019-12-29','오피스텔','',55,33,37,67,47,51),(192,10,1,1,1,0,8140,1,19,12,1,'날짜협의','오피스텔','',56,82,59,37,90,31),(241,6,1,0,1,1,2993,1,98,13,2,'날짜협의','빌라/연립/다세대','',57,87,92,34,54,57),(196,1,0,0,0,1,6965,0,29,10,2,'2020-01-05','오피스텔','',58,96,75,77,30,40),(247,0,1,0,0,1,5671,0,31,19,0,'날짜협의','오피스텔','',59,86,83,68,89,57),(177,4,0,0,0,0,493,0,37,16,1,'날짜협의','빌라/연립/다세대','',61,79,77,91,96,56),(137,5,1,1,0,1,5144,0,95,10,2,'2020-01-13','빌라/연립/다세대','',62,50,56,55,79,44),(184,12,0,1,1,1,4343,0,43,10,0,'날짜협의','다가구주택','',63,86,57,82,64,56),(181,0,1,0,1,0,3394,1,60,12,2,'2019-11-25','다가구주택','',67,44,83,62,78,36),(221,3,1,0,0,0,6245,0,26,19,1,'2019-11-18','빌라/연립/다세대','',68,52,97,92,50,80),(233,1,0,1,0,1,5363,0,48,16,2,'날짜협의','오피스텔','',69,53,75,98,94,70),(185,5,1,1,0,1,6927,1,90,10,2,'2020-01-26','오피스텔','',70,87,59,38,62,97),(149,-1,0,0,0,0,1861,1,64,8,2,'2020-01-13','단독주택','',71,72,80,91,48,62),(242,0,1,1,0,0,7454,0,110,8,2,'날짜협의','오피스텔','',72,32,86,76,74,35),(200,-1,0,0,1,0,1517,0,29,8,0,'날짜협의','빌라/연립/다세대','',73,89,93,39,41,74),(158,0,1,0,1,1,6818,1,43,15,0,'즉시입주','오피스텔','',74,98,58,42,75,77),(168,15,1,0,1,0,7381,0,16,16,2,'날짜협의','빌라/연립/다세대','',75,31,97,53,38,90),(211,2,0,1,0,0,2183,0,51,15,1,'날짜협의','오피스텔','',76,37,88,76,56,99),(171,-1,0,1,0,1,6004,0,45,8,2,'즉시입주','단독주택','',77,65,48,76,78,66),(205,5,0,0,1,1,8118,1,27,11,1,'즉시입주','단독주택','',78,90,39,34,41,36),(175,3,0,1,0,0,1204,0,27,10,2,'2019-11-28','단독주택','',79,60,69,78,64,33),(186,-1,1,1,1,0,3147,0,25,7,0,'2019-12-26','다가구주택','',82,38,59,32,66,62),(197,5,1,0,0,0,2796,0,67,14,2,'즉시입주','오피스텔','',84,72,82,30,43,84),(139,-1,1,0,0,1,3343,1,33,9,2,'즉시입주','빌라/연립/다세대','',85,97,66,55,84,57),(146,3,0,0,0,1,7943,1,40,16,1,'날짜협의','단독주택','',86,54,70,80,77,86),(163,3,1,0,1,1,6744,0,47,8,2,'2020-01-30','빌라/연립/다세대','',88,68,42,56,84,39),(141,8,0,0,1,0,4790,1,37,13,2,'2020-01-07','오피스텔','',89,37,31,39,86,78),(246,3,0,1,0,0,7217,1,26,19,2,'즉시입주','빌라/연립/다세대','',90,36,96,73,96,69),(217,9,1,0,1,0,2794,1,41,13,1,'날짜협의','빌라/연립/다세대','',91,35,93,58,39,48),(150,10,1,0,0,0,1707,1,52,8,1,'즉시입주','단독주택','',92,53,55,50,39,80),(176,5,0,1,1,0,6426,1,106,10,1,'날짜협의','빌라/연립/다세대','',95,82,70,80,78,69),(160,-1,0,0,1,0,2848,1,46,8,1,'2020-01-18','빌라/연립/다세대','',96,40,50,43,66,73),(176,-1,1,0,1,1,7884,0,82,12,2,'2019-11-12','오피스텔','',97,77,63,58,61,44),(149,4,1,1,1,1,5398,0,16,12,0,'즉시입주','다가구주택','',98,33,91,83,57,87),(202,5,1,0,0,0,5485,1,43,9,0,'2019-11-16','단독주택','',99,56,75,40,90,76),(217,3,1,0,0,0,2187,1,98,10,0,'2020-01-10','빌라/연립/다세대','',100,69,47,55,33,68),(241,0,0,1,0,1,911,0,92,17,1,'날짜협의','오피스텔','',102,88,99,55,41,74),(194,3,1,0,1,1,4011,1,41,14,1,'2020-01-15','빌라/연립/다세대','',103,39,35,47,39,39),(238,0,0,0,1,0,2584,1,71,8,0,'2019-12-19','단독주택','',105,55,83,97,42,40),(217,0,0,0,1,1,6319,0,26,10,1,'날짜협의','빌라/연립/다세대','',106,97,55,41,61,40),(145,3,1,0,0,1,7777,0,59,11,0,'2020-01-24','빌라/연립/다세대','',107,53,68,92,51,71),(143,3,0,1,1,1,3435,0,26,14,0,'즉시입주','빌라/연립/다세대','',108,74,98,75,99,91),(180,-1,1,0,0,1,3468,0,50,14,2,'2020-01-05','다가구주택','건축된지5년차된 신축급 투룸입니다.\n\n- 깔끔한 구조에 옵션있습니다.\n\n-양재역 가까워서 출퇴근하기 좋습니다.',109,62,80,50,53,65),(133,3,0,1,1,1,4698,1,101,16,0,'날짜협의','오피스텔','',110,40,35,66,79,78),(173,5,1,0,1,1,532,0,26,19,0,'2019-10-30','다가구주택','',111,92,38,53,59,69),(245,0,1,1,0,0,6898,0,31,9,1,'날짜협의','단독주택','',112,45,66,74,51,54),(144,0,1,0,1,0,5969,0,24,9,2,'즉시입주','오피스텔','',113,48,72,83,59,53),(208,0,0,0,0,0,946,1,36,17,0,'즉시입주','빌라/연립/다세대','',114,48,47,99,80,94),(191,3,0,1,1,0,5995,1,54,8,0,'날짜협의','오피스텔','',116,98,76,83,72,77),(228,-1,0,0,0,1,7620,1,100,16,1,'즉시입주','빌라/연립/다세대','',117,92,62,32,49,50),(248,-1,0,1,0,1,4896,1,25,12,2,'2019-11-18','다가구주택','',118,95,68,35,72,99),(172,5,1,0,0,1,317,1,31,19,2,'2019-12-01','오피스텔','',121,86,55,73,56,41),(147,0,0,1,0,0,85,0,38,10,1,'2020-01-18','오피스텔','',122,77,48,44,92,49),(237,4,1,1,0,0,697,1,36,16,2,'즉시입주','오피스텔','',123,63,53,99,93,72),(183,-1,1,1,1,0,5164,0,24,19,2,'즉시입주','빌라/연립/다세대','',124,86,61,33,83,45),(238,2,0,0,1,0,6458,0,54,9,2,'2020-01-23','빌라/연립/다세대','',125,63,59,62,39,89),(190,-1,1,0,1,1,4973,0,39,19,1,'날짜협의','오피스텔','',127,95,71,95,46,76),(242,5,1,0,1,1,8129,0,37,20,2,'2020-01-04','다가구주택','',130,38,89,34,45,79),(155,3,1,1,1,0,206,1,43,20,0,'날짜협의','오피스텔','',131,61,51,53,41,39),(155,15,0,0,1,0,5385,0,23,10,0,'즉시입주','다가구주택','',132,94,50,57,82,97),(187,-1,0,0,0,1,1861,0,90,13,0,'2020-01-25','오피스텔','',133,38,59,53,43,83),(223,0,0,1,1,1,1509,1,30,7,1,'2020-01-05','다가구주택','',134,50,36,83,31,50),(218,-1,1,1,0,0,1796,1,40,8,0,'즉시입주','빌라/연립/다세대','',135,78,35,31,38,68),(144,-1,1,0,0,0,3724,1,27,12,1,'즉시입주','빌라/연립/다세대','',136,93,37,67,84,100),(149,0,1,1,1,1,2787,1,40,7,2,'즉시입주','빌라/연립/다세대','',138,91,37,46,56,86),(176,0,0,0,1,1,2255,0,27,15,0,'즉시입주','빌라/연립/다세대','',139,61,65,42,87,38),(155,3,0,1,1,0,6317,1,23,17,0,'즉시입주','다가구주택','',140,64,77,48,92,31),(196,0,0,1,0,0,3683,0,27,7,0,'날짜협의','빌라/연립/다세대','',141,53,46,60,83,97),(186,0,0,1,1,0,3891,0,51,16,2,'즉시입주','빌라/연립/다세대','',144,97,82,74,93,72),(194,3,0,1,1,1,4865,1,23,15,0,'날짜협의','다가구주택','',145,81,40,62,76,78),(236,-1,0,1,1,0,3265,1,42,9,1,'2020-01-22','다가구주택','',147,69,36,32,58,100),(193,9,1,1,1,0,6324,1,72,14,1,'즉시입주','빌라/연립/다세대','',148,62,99,74,95,82),(227,0,0,0,1,1,5358,0,41,17,1,'2019-12-23','빌라/연립/다세대','',149,30,69,95,48,48),(232,0,0,0,0,0,7929,0,57,19,1,'2019-11-15','빌라/연립/다세대','',150,86,60,40,47,49),(163,4,0,1,0,0,1866,0,47,12,0,'날짜협의','빌라/연립/다세대','',151,44,64,59,91,81),(198,1,1,0,1,0,3710,0,48,18,1,'즉시입주','오피스텔','',152,85,42,47,68,62),(132,0,1,1,1,0,409,1,32,12,0,'날짜협의','단독주택','',154,35,83,62,98,100),(204,0,1,0,1,1,4921,1,47,16,2,'날짜협의','오피스텔','',155,85,67,50,55,48),(181,3,1,1,1,1,2826,1,93,17,1,'날짜협의','빌라/연립/다세대','',156,80,87,100,47,64),(239,3,1,0,1,1,2265,0,40,16,2,'즉시입주','빌라/연립/다세대','',157,87,49,67,85,82),(177,0,1,0,0,0,945,0,57,17,0,'날짜협의','빌라/연립/다세대','',158,89,62,55,68,96),(148,2,0,1,1,1,6845,1,41,18,1,'2020-01-02','빌라/연립/다세대','',159,93,58,62,39,34),(160,4,0,1,0,0,3428,0,59,9,0,'즉시입주','단독주택','',160,38,84,56,48,44),(174,3,0,0,1,0,3874,1,31,14,2,'2020-01-22','오피스텔','',161,38,48,96,90,53),(250,0,1,0,0,0,7016,1,103,10,1,'즉시입주','빌라/연립/다세대','',164,52,80,84,39,43),(231,9,1,1,1,0,4627,1,43,12,2,'2020-01-18','단독주택','',166,89,42,53,86,100),(206,0,0,1,0,1,4176,1,35,11,1,'2020-01-24','빌라/연립/다세대','',167,56,34,84,65,61),(171,8,0,1,0,1,3516,0,39,15,0,'즉시입주','단독주택','',169,74,79,83,79,55),(131,-1,1,1,0,1,3228,0,44,18,0,'날짜협의','빌라/연립/다세대','',170,75,36,31,90,42),(236,3,0,0,1,0,1250,1,92,13,2,'날짜협의','빌라/연립/다세대','',171,33,84,31,46,30),(158,2,0,0,1,1,4908,1,30,18,0,'2020-01-24','단독주택','',172,72,95,82,71,52),(151,10,0,1,0,0,7636,1,79,9,1,'2019-12-07','단독주택','',173,64,54,52,62,50),(205,-1,0,1,1,1,2258,0,54,20,0,'2020-01-25','단독주택','',174,46,81,71,39,56),(253,-1,1,1,1,0,3883,0,17,12,1,'2019-12-20','빌라/연립/다세대','',175,32,79,69,30,100),(189,4,0,1,1,0,253,1,55,18,1,'2020-01-20','오피스텔','',176,80,72,73,52,69),(177,4,0,1,1,1,2149,1,42,13,2,'날짜협의','오피스텔','',177,76,85,48,96,79),(217,5,1,0,1,1,4136,1,87,7,2,'즉시입주','오피스텔','',178,62,69,44,79,53),(137,9,0,1,1,0,420,0,66,7,1,'즉시입주','다가구주택','',179,34,91,98,99,65),(168,8,1,1,0,1,4980,0,22,8,2,'즉시입주','빌라/연립/다세대','',180,45,42,74,71,46),(132,3,0,1,0,0,6368,1,53,18,2,'날짜협의','다가구주택','',181,94,36,86,65,97),(141,-1,1,1,1,0,6558,0,20,17,2,'즉시입주','오피스텔','',182,52,38,87,34,64),(233,5,1,0,1,0,6373,1,59,16,1,'날짜협의','빌라/연립/다세대','',183,80,50,59,98,58),(160,9,1,0,0,1,6597,0,63,17,1,'2020-01-06','단독주택','',186,76,83,82,80,37),(230,2,1,0,0,0,5253,0,39,14,2,'날짜협의','단독주택','',189,97,88,90,68,61),(137,-1,1,0,0,1,246,1,28,19,0,'2019-12-23','다가구주택','',190,60,80,36,86,72),(196,5,0,0,0,1,1885,1,54,11,1,'2020-01-23','빌라/연립/다세대','',191,80,59,76,47,84),(183,0,1,1,0,0,2044,0,39,13,1,'2019-11-03','빌라/연립/다세대','',192,35,51,95,70,37),(244,1,1,0,1,1,2993,1,29,12,2,'즉시입주','단독주택','',194,56,51,94,89,56),(246,0,1,1,1,0,2870,1,38,9,1,'날짜협의','다가구주택','',195,57,87,33,91,61),(250,1,0,1,1,0,7287,1,34,20,2,'2020-01-11','빌라/연립/다세대','',196,70,92,88,75,52),(182,3,1,0,1,1,5103,1,39,12,1,'즉시입주','오피스텔','',197,91,62,42,74,41),(160,10,1,0,1,0,1303,0,89,9,2,'날짜협의','단독주택','',198,62,45,80,68,73),(242,0,0,1,1,0,7408,1,95,15,2,'날짜협의','오피스텔','',200,63,30,94,88,68),(131,5,1,1,1,1,2678,0,58,15,0,'2019-11-25','오피스텔','',201,31,88,48,89,100),(191,-1,0,0,1,0,4919,0,38,13,0,'즉시입주','오피스텔','',204,66,55,73,48,89),(244,3,1,0,1,1,5420,1,36,17,1,'날짜협의','빌라/연립/다세대','',205,68,57,84,98,73),(140,6,0,1,0,1,602,0,41,9,1,'날짜협의','단독주택','',209,77,78,47,54,97),(193,1,0,0,0,0,7620,0,24,16,0,'날짜협의','오피스텔','',210,40,66,39,97,64),(202,2,0,0,1,0,5283,1,45,7,0,'즉시입주','오피스텔','',211,99,54,42,41,79),(187,5,1,1,1,1,7437,0,27,14,0,'날짜협의','빌라/연립/다세대','',212,84,37,74,47,34),(147,5,1,1,0,1,4769,1,70,13,2,'즉시입주','빌라/연립/다세대','',213,59,77,70,56,86),(215,6,0,0,0,1,7147,0,39,20,0,'즉시입주','오피스텔','',215,48,91,61,34,71),(215,1,1,1,0,0,4855,1,60,9,2,'날짜협의','단독주택','',216,84,67,58,72,81),(228,0,1,1,1,1,6366,1,30,16,2,'2020-01-07','오피스텔','',218,54,76,81,30,80),(227,5,1,0,1,0,4735,0,32,16,0,'날짜협의','단독주택','',219,73,91,39,42,100),(170,5,1,0,0,1,5930,0,31,20,0,'2019-12-18','오피스텔','',220,45,36,69,45,78),(209,5,0,0,0,1,2004,0,60,17,0,'2020-01-28','빌라/연립/다세대','',221,74,47,75,83,50),(175,2,0,0,1,1,5550,0,94,14,2,'날짜협의','다가구주택','',222,98,49,38,40,91),(135,-1,1,0,1,0,7733,1,57,20,0,'날짜협의','빌라/연립/다세대','',223,56,78,85,60,80),(219,15,0,0,1,1,7439,0,27,20,2,'날짜협의','빌라/연립/다세대','',224,63,41,79,78,38),(204,10,0,0,1,1,5263,0,33,15,2,'즉시입주','오피스텔','',226,36,91,48,83,58),(196,-1,0,0,1,0,2222,1,43,7,2,'2019-10-24','오피스텔','',229,87,60,100,93,31),(132,2,0,1,0,0,4869,0,40,11,0,'2019-12-15','빌라/연립/다세대','',230,75,41,53,68,45),(195,-1,1,1,0,1,6750,0,65,11,1,'날짜협의','단독주택','',231,100,57,37,59,72),(177,-1,1,0,0,1,2128,1,70,18,2,'즉시입주','오피스텔','',232,51,99,49,83,52),(244,3,1,0,1,0,4029,1,32,7,0,'2020-01-13','단독주택','',233,95,57,33,77,88),(157,0,0,0,0,0,2165,0,44,19,1,'날짜협의','빌라/연립/다세대','',234,78,39,73,31,55),(154,0,0,0,0,0,4046,1,54,13,1,'즉시입주','단독주택','',235,42,70,36,83,39),(161,0,0,0,0,0,5955,0,55,10,2,'즉시입주','단독주택','',236,85,69,41,79,100),(221,1,0,0,1,1,6998,0,48,16,1,'즉시입주','빌라/연립/다세대','',237,81,69,58,72,33),(129,3,1,0,0,0,5485,0,28,19,2,'날짜협의','다가구주택','',239,59,63,72,64,48),(170,3,1,1,1,1,392,0,73,15,1,'2020-01-28','빌라/연립/다세대','',240,86,93,33,84,53),(154,4,0,1,0,1,5268,0,60,15,1,'2019-10-31','오피스텔','',241,93,77,85,57,94),(147,3,0,0,1,1,7416,0,59,16,2,'2019-12-29','빌라/연립/다세대','',242,90,67,68,78,37),(220,0,0,1,1,0,5736,1,109,11,2,'날짜협의','단독주택','',243,33,61,55,83,84),(163,15,1,0,0,0,5247,1,47,17,0,'2020-01-10','빌라/연립/다세대','',245,32,98,85,50,58),(179,3,1,0,1,1,7289,1,35,13,2,'2019-12-12','단독주택','',246,69,71,40,70,37),(220,0,1,0,0,1,7875,1,54,13,2,'날짜협의','오피스텔','',247,42,33,49,67,72),(211,2,0,0,0,1,5475,0,38,16,2,'즉시입주','빌라/연립/다세대','',248,60,62,34,76,68),(199,2,1,1,1,0,7296,0,34,18,1,'2020-01-08','단독주택','',249,69,89,59,83,100),(150,3,1,0,0,0,8009,1,56,20,2,'즉시입주','단독주택','',250,74,61,98,35,79),(146,9,0,0,0,1,3902,0,35,12,1,'즉시입주','빌라/연립/다세대','',251,38,88,37,75,80),(147,12,0,0,0,0,1124,0,32,8,1,'2019-11-25','오피스텔','',252,98,91,94,80,66),(154,2,1,0,0,0,225,1,20,13,2,'2019-11-29','빌라/연립/다세대','',253,40,82,57,78,80),(142,2,1,0,1,1,3026,0,17,13,0,'즉시입주','오피스텔','',254,44,35,70,79,68),(190,0,1,0,0,0,4720,1,76,17,0,'2019-12-22','오피스텔','',256,95,66,62,90,66),(179,5,1,1,1,1,5512,1,44,18,2,'2020-01-02','단독주택','',257,30,57,41,91,85),(197,5,0,0,0,0,4074,1,38,12,2,'즉시입주','오피스텔','',258,36,69,30,46,36),(207,3,0,1,1,0,6681,0,48,14,2,'즉시입주','다가구주택','',259,95,86,94,88,80),(209,15,0,1,1,0,683,1,56,16,1,'즉시입주','오피스텔','',261,74,59,88,65,94),(230,2,1,0,0,1,3383,0,41,14,2,'날짜협의','단독주택','',263,56,55,72,84,52),(242,10,1,1,0,1,2590,1,90,18,2,'즉시입주','오피스텔','',264,82,62,99,89,56),(232,5,0,0,0,0,5260,1,29,10,0,'즉시입주','단독주택','',265,47,81,90,53,46),(163,3,1,1,1,0,5649,1,23,9,1,'즉시입주','오피스텔','',266,72,42,57,31,76),(190,0,1,1,0,0,7210,1,36,15,0,'날짜협의','다가구주택','',267,68,83,32,52,69),(235,0,0,1,1,1,4040,1,58,12,1,'날짜협의','빌라/연립/다세대','',268,60,63,75,74,97),(156,-1,1,1,0,0,7720,0,34,7,2,'즉시입주','오피스텔','',270,65,59,89,79,49),(213,0,0,0,0,0,5552,0,54,17,1,'2019-12-13','빌라/연립/다세대','',271,51,41,30,69,48),(218,-1,1,1,0,0,4283,1,94,11,1,'2019-11-24','단독주택','',272,49,70,100,88,70),(160,0,1,0,0,0,7470,1,26,11,2,'즉시입주','빌라/연립/다세대','',273,44,92,66,72,48),(129,3,0,0,1,1,6617,0,96,11,2,'날짜협의','다가구주택','',274,49,89,70,58,52),(195,1,0,0,0,1,6244,1,54,19,2,'즉시입주','다가구주택','',277,64,43,57,56,79),(252,-1,1,0,1,0,3326,1,52,12,2,'즉시입주','다가구주택','',278,83,37,90,97,32),(171,0,1,0,1,1,68,0,75,12,0,'날짜협의','오피스텔','',280,95,96,33,97,64),(248,3,0,1,0,1,5648,0,30,10,2,'날짜협의','단독주택','',281,72,95,66,97,89),(238,3,0,1,1,1,6276,0,39,17,0,'즉시입주','오피스텔','',283,65,75,78,39,61),(147,3,1,1,0,0,2931,1,43,18,1,'날짜협의','단독주택','',284,61,78,44,89,72),(221,5,0,1,1,0,3645,1,48,15,0,'2020-01-11','빌라/연립/다세대','',285,90,96,69,94,59),(224,-1,1,1,1,1,3575,0,37,17,2,'날짜협의','단독주택','',286,45,82,51,99,100),(195,-1,0,1,1,0,171,1,49,20,0,'즉시입주','오피스텔','',287,76,55,51,55,85),(164,1,0,0,0,1,7521,0,22,20,1,'2019-12-11','단독주택','',288,40,62,63,54,86),(235,-1,0,1,0,1,4266,0,39,11,2,'날짜협의','오피스텔','',293,71,44,55,37,42),(195,5,0,1,1,0,1314,0,34,19,1,'2020-01-14','빌라/연립/다세대','',294,30,38,58,87,96),(167,8,1,1,0,0,21,0,77,8,2,'날짜협의','오피스텔','',296,80,62,98,35,51),(179,2,1,1,1,0,4848,1,51,20,0,'날짜협의','오피스텔','',297,31,98,97,100,72),(223,5,1,1,0,1,5964,0,39,17,1,'즉시입주','오피스텔','',299,85,79,62,85,90),(192,0,0,0,1,0,5461,0,26,18,1,'2020-01-17','오피스텔','',300,59,48,92,93,61),(142,5,0,0,1,0,6223,0,49,13,0,'2020-01-19','빌라/연립/다세대','',301,72,42,87,91,47),(150,5,0,1,0,1,1197,0,34,19,1,'2019-12-30','빌라/연립/다세대','',302,60,75,46,65,59),(196,5,1,1,1,1,3337,0,104,10,2,'날짜협의','오피스텔','',303,47,47,54,61,68),(177,5,0,1,1,1,2171,1,62,12,1,'즉시입주','오피스텔','',305,30,45,96,100,42),(159,0,1,1,1,1,4122,0,30,16,2,'날짜협의','단독주택','',306,77,55,43,33,63),(162,-1,0,0,0,1,5587,0,35,14,1,'날짜협의','빌라/연립/다세대','',308,50,87,94,36,50),(218,15,1,0,1,1,5497,1,23,18,1,'날짜협의','단독주택','',310,65,98,75,84,78),(220,3,0,1,1,0,3839,1,34,11,0,'2019-12-05','다가구주택','',311,57,94,82,62,50),(190,3,1,1,1,1,5757,1,30,13,1,'2020-01-17','오피스텔','',312,57,66,47,43,30),(153,0,1,1,0,0,4198,1,33,11,2,'즉시입주','단독주택','',313,62,31,62,73,70),(170,4,1,1,0,0,580,0,31,7,2,'날짜협의','다가구주택','',315,52,55,73,37,88),(175,3,0,1,0,1,2712,0,43,10,0,'2019-12-20','빌라/연립/다세대','',316,39,85,90,64,94),(149,3,1,0,1,0,3973,0,51,10,1,'날짜협의','단독주택','',317,59,70,61,60,89),(169,-1,1,1,1,0,6348,1,39,13,2,'즉시입주','빌라/연립/다세대','',319,31,88,79,46,40),(163,0,1,1,1,0,1654,0,30,14,0,'2020-01-23','단독주택','',320,97,49,82,44,95),(151,5,1,0,0,0,648,1,21,13,2,'2020-01-04','단독주택','',325,87,50,82,81,44),(202,5,0,0,1,1,2875,1,23,7,0,'날짜협의','빌라/연립/다세대','',326,40,42,67,100,52),(134,5,1,0,1,0,6486,1,68,12,2,'날짜협의','빌라/연립/다세대','',327,50,49,93,47,50),(131,4,0,0,0,1,3018,0,88,20,2,'날짜협의','오피스텔','',329,92,43,50,62,60),(254,0,1,0,1,1,5579,0,41,15,0,'2020-01-17','단독주택','',330,95,64,98,82,82),(0,0,0,0,0,0,0,0,10,1,1,'0','다가구주택','a dfasdf',331,NULL,NULL,NULL,NULL,NULL);
/*!40000 ALTER TABLE `info` ENABLE KEYS */;
UNLOCK TABLES;

--
-- Table structure for table `outuser`
--

DROP TABLE IF EXISTS `outuser`;
/*!40101 SET @saved_cs_client     = @@character_set_client */;
/*!40101 SET character_set_client = utf8 */;
CREATE TABLE `outuser` (
  `userno` int(11) NOT NULL,
  `reason` text,
  `regdate` datetime DEFAULT NULL,
  PRIMARY KEY (`userno`)
) ENGINE=InnoDB DEFAULT CHARSET=utf8;
/*!40101 SET character_set_client = @saved_cs_client */;

--
-- Dumping data for table `outuser`
--

LOCK TABLES `outuser` WRITE;
/*!40000 ALTER TABLE `outuser` DISABLE KEYS */;
/*!40000 ALTER TABLE `outuser` ENABLE KEYS */;
UNLOCK TABLES;

--
-- Table structure for table `price`
--

DROP TABLE IF EXISTS `price`;
/*!40101 SET @saved_cs_client     = @@character_set_client */;
/*!40101 SET character_set_client = utf8 */;
CREATE TABLE `price` (
  `priceno` int(11) NOT NULL AUTO_INCREMENT COMMENT '거래정보 일련번호 (전월세 가격)',
  `deposit` int(11) DEFAULT NULL COMMENT '거래정보 > 거래종류 > 보증금',
  `dealingtype` varchar(45) NOT NULL COMMENT '거래정보 > 거래종류 > 전세,월세,매매',
  `price` int(11) NOT NULL COMMENT '거래정보 > 거래종류 > 거래금액(월세,매매,전세)',
  `short_room` varchar(45) DEFAULT NULL COMMENT '거래정보 > 거래종류 > 단기가능',
  `roomno` int(11) NOT NULL,
  PRIMARY KEY (`priceno`),
  KEY `fk_price_room1_idx` (`roomno`),
  CONSTRAINT `fk_price_room1` FOREIGN KEY (`roomno`) REFERENCES `room` (`roomno`) ON DELETE CASCADE ON UPDATE CASCADE
) ENGINE=InnoDB AUTO_INCREMENT=440 DEFAULT CHARSET=utf8;
/*!40101 SET character_set_client = @saved_cs_client */;

--
-- Dumping data for table `price`
--

LOCK TABLES `price` WRITE;
/*!40000 ALTER TABLE `price` DISABLE KEYS */;
INSERT INTO `price` VALUES (5,-1,'전세',20000,'0 ',2),(6,100,'월세',63,'1 ',3),(7,500,'월세',61,'1 ',3),(8,1000,'월세',59,'1 ',3),(9,2000,'월세',57,'1 ',3),(10,3000,'월세',55,'1 ',3),(11,500,'월세',43,'1 ',4),(12,200,'월세',46,'1 ',4),(13,300,'월세',45,'1 ',4),(14,400,'월세',44,'1 ',4),(15,1000,'월세',41,'1 ',4),(16,-1,'매매',50000,'0 ',5),(22,-1,'전세',24000,'0 ',7),(23,-1,'전세',12000,'1 ',8),(26,1000,'월세',40,'1 ',11),(27,1500,'월세',38,'1 ',11),(28,500,'월세',42,'1 ',11),(30,500,'월세',44,'0 ',13),(31,1000,'월세',40,'0 ',13),(32,700,'월세',38,'0 ',14),(33,1000,'월세',35,'0 ',14),(35,-1,'전세',55000,'1 ',16),(36,-1,'매매',19500,'0 ',17),(37,-1,'매매',75000,'0 ',18),(38,-1,'전세',32000,'1 ',19),(39,1000,'월세',40,'0 ',20),(42,2000,'월세',30,'0 ',23),(43,4000,'월세',25,'1 ',24),(44,-1,'전세',21000,'0 ',25),(45,500,'월세',40,'1 ',26),(47,500,'월세',30,'1 ',28),(48,-1,'매매',13000,'0 ',29),(49,1000,'월세',52,'1 ',30),(50,1500,'월세',49,'1 ',30),(51,2000,'월세',47,'1 ',30),(52,3000,'월세',45,'1 ',30),(53,-1,'전세',22000,'1 ',31),(54,1000,'월세',40,'0 ',32),(55,500,'월세',45,'0 ',33),(58,-1,'매매',9500,'0 ',36),(59,-1,'매매',32000,'0 ',37),(60,-1,'전세',19500,'1 ',38),(61,5000,'월세',45,'1 ',39),(62,10000,'월세',30,'1 ',39),(63,2500,'월세',50,'1 ',39),(64,-1,'전세',65000,'0 ',40),(70,1000,'월세',35,'0 ',46),(71,1500,'월세',33,'0 ',46),(72,2000,'월세',30,'0 ',46),(73,-1,'전세',21000,'1 ',47),(76,500,'월세',32,'1 ',50),(78,-1,'전세',19000,'1 ',52),(79,-1,'전세',10000,'1 ',53),(81,-1,'매매',8000,'0 ',55),(82,-1,'전세',4000,'1 ',56),(83,5000,'월세',45,'1 ',57),(84,-1,'전세',8000,'1 ',58),(85,-1,'전세',7300,'0 ',59),(87,1500,'월세',43,'1 ',61),(88,-1,'전세',44000,'1 ',62),(89,1000,'월세',41,'1 ',63),(93,3000,'월세',30,'1 ',67),(94,500,'월세',30,'0 ',68),(95,-1,'전세',27000,'1 ',69),(96,-1,'전세',50000,'1 ',70),(97,-1,'매매',27000,'0 ',71),(98,400,'월세',30,'1 ',72),(99,500,'월세',29,'1 ',72),(100,1000,'월세',27,'1 ',72),(101,-1,'전세',12000,'1 ',73),(102,-1,'매매',20000,'0 ',74),(103,300,'월세',25,'1 ',75),(104,-1,'전세',19000,'1 ',76),(105,1000,'월세',38,'1 ',77),(106,300,'월세',20,'0 ',78),(107,-1,'전세',12000,'1 ',79),(110,-1,'전세',6000,'1 ',82),(112,-1,'매매',28500,'0 ',84),(113,-1,'매매',9500,'0 ',85),(114,-1,'전세',18000,'1 ',86),(116,-1,'전세',40000,'0 ',88),(117,-1,'전세',15000,'1 ',89),(118,800,'월세',34,'1 ',90),(119,9000,'월세',50,'1 ',91),(120,-1,'전세',23500,'1 ',92),(124,-1,'전세',65000,'1 ',95),(125,500,'월세',30,'1 ',96),(126,1000,'월세',40,'1 ',97),(127,-1,'전세',6500,'0 ',98),(128,1000,'월세',45,'1 ',99),(129,3000,'월세',60,'1 ',100),(131,-1,'전세',70000,'1 ',102),(132,-1,'매매',25000,'0 ',103),(134,-1,'전세',35500,'1 ',105),(135,400,'월세',42,'1 ',106),(136,-1,'전세',24000,'0 ',107),(137,-1,'전세',10000,'1 ',108),(138,500,'월세',40,'1 ',109),(139,3000,'월세',66,'1 ',110),(140,-1,'전세',8000,'1 ',111),(141,1000,'월세',30,'0 ',112),(142,-1,'전세',9500,'1 ',113),(143,500,'월세',30,'1 ',114),(145,-1,'전세',25000,'1 ',116),(146,-1,'전세',43000,'1 ',117),(147,-1,'매매',9000,'0 ',118),(152,-1,'전세',7700,'1 ',121),(153,1000,'월세',41,'1 ',122),(154,-1,'전세',15000,'1 ',123),(155,-1,'전세',12000,'0 ',124),(156,2000,'월세',35,'1 ',125),(158,-1,'전세',16500,'0 ',127),(161,1000,'월세',25,'1 ',130),(162,700,'월세',36,'1 ',131),(163,1000,'월세',33,'1 ',131),(164,500,'월세',34,'1 ',131),(165,-1,'전세',6300,'1 ',132),(166,-1,'전세',31500,'1 ',133),(167,-1,'매매',9500,'0 ',134),(168,-1,'매매',24000,'0 ',135),(169,-1,'전세',11000,'1 ',136),(171,-1,'전세',8500,'0 ',138),(172,-1,'전세',4300,'1 ',139),(173,100,'월세',44,'1 ',140),(174,700,'월세',36,'1 ',141),(177,-1,'전세',19000,'1 ',144),(178,500,'월세',28,'1 ',145),(180,800,'월세',50,'1 ',147),(181,-1,'전세',33000,'1 ',148),(182,-1,'매매',12500,'0 ',149),(183,1000,'월세',42,'1 ',150),(184,-1,'전세',19000,'1 ',151),(185,2000,'월세',35,'0 ',152),(187,-1,'전세',10000,'1 ',154),(188,-1,'전세',16500,'1 ',155),(189,-1,'매매',49000,'0 ',156),(190,-1,'매매',10000,'0 ',157),(191,-1,'전세',30000,'1 ',158),(192,1000,'월세',40,'1 ',159),(193,-1,'전세',25000,'1 ',160),(194,-1,'전세',10000,'0 ',161),(200,-1,'전세',43000,'1 ',164),(203,-1,'전세',13000,'1 ',166),(204,1000,'월세',43,'1 ',167),(205,1500,'월세',41,'1 ',167),(206,2000,'월세',39,'1 ',167),(208,-1,'매매',16000,'0 ',169),(209,500,'월세',30,'1 ',170),(210,5000,'월세',49,'1 ',171),(211,-1,'전세',7900,'0 ',172),(212,1000,'월세',50,'1 ',173),(213,2000,'월세',45,'1 ',173),(214,500,'월세',40,'1 ',174),(215,600,'월세',39,'1 ',174),(216,700,'월세',38,'1 ',174),(217,800,'월세',37,'1 ',174),(218,-1,'전세',3500,'1 ',175),(219,-1,'전세',21500,'1 ',176),(220,-1,'매매',17800,'0 ',177),(221,-1,'매매',36000,'0 ',178),(222,-1,'전세',30000,'1 ',179),(223,500,'월세',32,'1 ',180),(224,-1,'전세',22500,'1 ',181),(225,-1,'전세',5500,'1 ',182),(226,500,'월세',44,'0 ',183),(229,-1,'전세',18000,'1 ',186),(232,-1,'전세',16500,'1 ',189),(233,-1,'매매',14000,'0 ',190),(234,-1,'전세',10000,'1 ',191),(235,500,'월세',42,'1 ',192),(237,-1,'전세',6300,'0 ',194),(238,500,'월세',43,'1 ',195),(239,1000,'월세',41,'1 ',196),(240,-1,'매매',19000,'0 ',197),(241,-1,'전세',32000,'1 ',198),(243,-1,'전세',39000,'1 ',200),(244,500,'월세',44,'1 ',201),(247,-1,'전세',16500,'1 ',204),(248,-1,'매매',20000,'0 ',205),(256,-1,'전세',10000,'1 ',209),(257,-1,'전세',15000,'0 ',210),(258,500,'월세',38,'1 ',211),(259,1000,'월세',35,'',211),(260,500,'월세',28,'1 ',212),(261,3000,'월세',50,'1 ',213),(262,10000,'월세',25,'',213),(264,500,'월세',40,'1 ',215),(265,-1,'전세',22000,'1 ',216),(267,500,'월세',30,'1 ',218),(268,1000,'월세',32,'1 ',219),(269,-1,'전세',5600,'1 ',220),(270,1000,'월세',44,'0 ',221),(271,5000,'월세',40,'1 ',222),(272,-1,'전세',20000,'1 ',223),(273,-1,'전세',8000,'1 ',224),(275,-1,'전세',13800,'1 ',226),(278,-1,'전세',16500,'1 ',229),(279,1000,'월세',42,'1 ',230),(280,-1,'전세',22000,'1 ',231),(281,-1,'전세',29000,'0 ',232),(282,500,'월세',36,'1 ',233),(283,2000,'월세',40,'1 ',234),(284,2000,'월세',42,'1 ',235),(285,-1,'전세',20000,'1 ',236),(286,-1,'매매',21500,'0 ',237),(288,300,'월세',20,'1 ',239),(289,-1,'전세',30000,'1 ',240),(290,1000,'월세',40,'0 ',241),(291,4000,'월세',25,'1 ',242),(292,-1,'전세',49000,'1 ',243),(294,-1,'매매',19500,'0 ',245),(295,-1,'전세',3800,'1 ',246),(296,1000,'월세',34,'1 ',247),(297,-1,'매매',13300,'0 ',248),(298,-1,'전세',7500,'1 ',249),(299,2000,'월세',37,'1 ',250),(300,-1,'전세',7200,'0 ',251),(301,-1,'전세',10000,'1 ',252),(302,400,'월세',30,'1 ',253),(303,800,'월세',25,'1 ',254),(305,500,'월세',30,'1 ',256),(306,-1,'전세',18000,'1 ',257),(307,500,'월세',42,'1 ',258),(308,-1,'전세',29000,'1 ',259),(310,1500,'월세',44,'1 ',261),(311,500,'월세',50,'1 ',261),(312,1000,'월세',47,'1 ',261),(313,2000,'월세',41,'1 ',261),(315,-1,'전세',25000,'1 ',263),(316,-1,'매매',27800,'0 ',264),(317,500,'월세',30,'1 ',265),(318,-1,'매매',7500,'0 ',266),(319,-1,'전세',15300,'1 ',267),(320,700,'월세',52,'1 ',268),(321,800,'월세',51,'1 ',268),(322,900,'월세',50,'1 ',268),(324,-1,'전세',15800,'0 ',270),(325,1000,'월세',40,'1 ',271),(326,3000,'월세',60,'1 ',272),(327,10000,'월세',40,'1 ',272),(328,20000,'월세',20,'1 ',272),(329,-1,'전세',20000,'1 ',273),(330,3000,'월세',50,'1 ',274),(333,900,'월세',46,'1 ',277),(334,-1,'전세',15000,'1 ',278),(336,-1,'매매',32000,'0 ',280),(337,700,'월세',25,'1 ',281),(338,800,'월세',24,'1 ',281),(339,900,'월세',23,'1 ',281),(340,1000,'월세',22,'1 ',281),(342,-1,'전세',25000,'1 ',283),(343,500,'월세',42,'1 ',284),(344,-1,'전세',18000,'1 ',285),(345,-1,'전세',15000,'1 ',286),(346,500,'월세',42,'0 ',287),(347,1000,'월세',22,'1 ',288),(355,-1,'전세',35000,'1 ',293),(356,-1,'전세',7500,'1 ',294),(358,1000,'월세',50,'1 ',296),(359,-1,'전세',27000,'1 ',297),(361,-1,'전세',23500,'1 ',299),(362,1000,'월세',40,'1 ',300),(363,-1,'전세',21800,'1 ',301),(364,-1,'전세',13000,'0 ',302),(365,3000,'월세',53,'1 ',303),(366,4000,'월세',50,'1 ',303),(367,5000,'월세',47,'1 ',303),(368,6000,'월세',44,'1 ',303),(373,-1,'매매',35000,'0 ',305),(374,-1,'전세',9000,'1 ',306),(380,-1,'전세',7000,'1 ',308),(385,500,'월세',28,'1 ',310),(386,600,'월세',27,'1 ',310),(387,700,'월세',26,'1 ',310),(388,800,'월세',25,'1 ',310),(389,-1,'전세',6000,'1 ',311),(390,700,'월세',38,'1 ',312),(391,800,'월세',37,'1 ',312),(392,900,'월세',36,'1 ',312),(393,1000,'월세',35,'1 ',312),(394,-1,'매매',12000,'0 ',313),(396,-1,'전세',9500,'1 ',315),(397,500,'월세',45,'1 ',316),(398,600,'월세',44,'1 ',316),(399,700,'월세',43,'1 ',316),(400,800,'월세',42,'1 ',316),(401,900,'월세',41,'1 ',316),(402,1000,'월세',40,'1 ',316),(403,-1,'전세',17000,'1 ',317),(405,500,'월세',40,'1 ',319),(406,1000,'월세',35,'1 ',320),(407,900,'월세',36,'1 ',320),(408,800,'월세',37,'1 ',320),(409,700,'월세',38,'1 ',320),(410,600,'월세',39,'1 ',320),(420,500,'월세',35,'1 ',325),(421,100,'월세',40,'1 ',325),(422,300,'월세',38,'1 ',325),(423,700,'월세',34,'1 ',325),(424,1000,'월세',33,'1 ',325),(425,1000,'월세',30,'1 ',326),(426,400,'월세',33,'1 ',326),(427,600,'월세',32,'1 ',326),(428,800,'월세',31,'1 ',326),(429,1100,'월세',29,'1 ',326),(430,1200,'월세',28,'1 ',326),(431,1000,'월세',50,'0 ',327),(432,500,'월세',53,'0 ',327),(433,2000,'월세',47,'0 ',327),(435,-1,'매매',45000,'0 ',329),(436,500,'월세',44,'1 ',330),(437,200,'월세',47,'1 ',330),(438,1000,'월세',41,'1 ',330),(439,500,'월세',20,'',331);
/*!40000 ALTER TABLE `price` ENABLE KEYS */;
UNLOCK TABLES;

--
-- Table structure for table `room`
--

DROP TABLE IF EXISTS `room`;
/*!40101 SET @saved_cs_client     = @@character_set_client */;
/*!40101 SET character_set_client = utf8 */;
CREATE TABLE `room` (
  `roomno` int(11) NOT NULL AUTO_INCREMENT COMMENT '방번호',
  `roomtype` varchar(45) NOT NULL COMMENT '매물 종류 > 종류 선택 \\n값 - 원룸 , 투룸 , 쓰리룸 , 오피스텔',
  `title` varchar(255) NOT NULL COMMENT '상세설명 > 제목',
  `floor` int(11) NOT NULL COMMENT '기본정보 > 건물층수 > 해당층수\\\\n값 : 반지층 / 옥탑 / 1층~20층',
  `area` float NOT NULL COMMENT '기본정보 > 건물크기 > 전용면적 제곱미터',
  `fee` tinyint(4) NOT NULL COMMENT '추가정보 > 관리비',
  `confirmdate` datetime DEFAULT NULL COMMENT '확인매물 일자',
  `address` varchar(255) NOT NULL COMMENT '도로명주소',
  `dong` varchar(45) DEFAULT NULL COMMENT '동',
  `ho` varchar(45) NOT NULL COMMENT '호',
  `latitude` double NOT NULL COMMENT '위도',
  `longitude` double NOT NULL COMMENT '경도',
  `region_2depth_name` varchar(45) NOT NULL COMMENT 'kakao api 를 위한 구 정보 저장',
  `region_3depth_name` varchar(45) NOT NULL COMMENT 'kakao api 를 위한 동 정보 저장',
  `userno` int(11) NOT NULL,
  `status` int(11) DEFAULT '0' COMMENT '0 - 기본값 ( 방을 보여줌 )\\\\\\\\\\\\\\\\n1 - 비공개 ( 방을 안보여줌 )\\\\\\\\\\\\\\\\n2 - 거래완료 (방을 안보여줌 )',
  PRIMARY KEY (`roomno`),
  KEY `fk_room_user1_idx` (`userno`),
  CONSTRAINT `fk_room_user1` FOREIGN KEY (`userno`) REFERENCES `user` (`userno`) ON DELETE CASCADE ON UPDATE CASCADE
) ENGINE=InnoDB AUTO_INCREMENT=332 DEFAULT CHARSET=utf8;
/*!40101 SET character_set_client = @saved_cs_client */;

--
-- Dumping data for table `room`
--

LOCK TABLES `room` WRITE;
/*!40000 ALTER TABLE `room` DISABLE KEYS */;
INSERT INTO `room` VALUES (2,'쓰리룸','서대문구 매물입니다.',12,49.5,3,'2019-12-27 00:00:00','서울특별시 서대문구 홍은2동 431','205','1208',37.580618,126.936454,'서대문구','홍은2동',2,0),(3,'오피스텔','중구 매물입니다.',15,33,4,'2019-12-29 00:00:00','서울특별시 중구 광희동 132-23','209','1506',37.561625,126.995036,'중구','광희동',29,1),(4,'오피스텔','용산구 매물입니다.',5,23.1,0,'2019-10-22 00:00:00','서울특별시 용산구 한강로1가 236-5','303','506',37.534577,126.973631,'용산구','한강로1가',38,0),(5,'쓰리룸','성동구 매물입니다.',3,89.1,4,'2019-12-09 00:00:00','서울특별시 성동구 성수동1가 아차산로 17 1405호','305','303',37.547626,127.046552,'성동구','성수동1가',42,4),(7,'쓰리룸','강북구 매물입니다.',6,69.3,1,'2019-12-10 00:00:00','서울특별시 강북구 인수동 46-9','201','605',37.635248,127.019783,'강북구','인수동',38,1),(8,'오피스텔','☞지하철역 도보3분!! 당산동4가 풀옵션 깔끔해요☜',6,19.8,3,'2019-10-26 00:00:00','서울특별시 영등포구 당산로41길 11 1312(당산동4가 당산 SK V1 center)','103','603',37.53082,126.89812,'영등포구','당산동4가',1,1),(11,'투룸','◈귀한 당인동 역세권 상태 굿◈',15,49.5,2,'2019-12-30 00:00:00','서울특별시 마포구 당인동 12-1','107','1505',37.547433,126.919899,'마포구','당인동',28,4),(13,'투룸','☞ 구의제2동 풀옵션 접근성 좋음',8,39.6,0,'2019-12-27 00:00:00','서울특별시 광진구 자양로37길 8(구의제2동)','306','806',37.5478887,127.0877166,'광진구','구의제2동',7,2),(14,'오피스텔','◈신논현역 도보3분 논현동 역세권 접근성 좋음◈',1,29.7,3,'2019-12-18 00:00:00','서울특별시 강남구 강남대로 488 (논현동 대남빌딩) 9층','207','108',37.505879,127.024255,'강남구','논현동',10,0),(16,'쓰리룸','☆지하철역 도보2분 신림동 초역세권 ☆',8,95.7,5,'2019-11-17 00:00:00','서울특별시 관악구 관악로 1(신림동 산56-1) 서울대학교 평생교육원','204','806',37.464007,126.9522394,'관악구','신림동',19,1),(17,'투룸','★ 구로동 풀옵션 깔끔해요☜',10,36.3,5,'2019-12-14 00:00:00','서울특별시 구로구 디지털로30길 28 (구로동) 마리오타워 14층 1406호 1407호','201','1002',37.48211,126.89529,'구로구','구로동',2,1),(18,'쓰리룸','◈지하철역 도보3분!! 구로3동 역세권 접근성 좋음◈',11,99,5,'2019-12-28 00:00:00','서울특별시 구로구 디지털로 26길 5 (구로3동) 에이스하이엔드타워 1차 8층','207','1102',37.481573,126.893468,'구로구','구로3동',35,0),(19,'쓰리룸','☆ 방학1동 강력추천!! ☜',12,52.8,3,'2019-10-22 00:00:00','서울특별시 도봉구 도당로 116','301','1203',37.66661827,127.0398556,'도봉구','방학1동',48,3),(20,'투룸','♥넓은 역삼동 풀옵션 신축! 저렴합니다♥',7,49.5,3,'2019-11-13 00:00:00','서울특별시 강남구 논현로79길 8 (역삼동 아이네트빌딩) 4, 5층','303','705',37.497782,127.037503,'강남구','역삼동',33,1),(23,'원룸','♥귀한 서초동 급매물 맞춰드려요~♥',5,26.4,0,'2019-10-27 00:00:00','서울특별시 서초구 서초대로73길 50 3층 4층 (서초동 대원빌딩)','206','509',37.50169,127.02402,'서초구','서초동',13,0),(24,'투룸','★지하철역 도보3분!! 서초동 초역세권 저렴합니다★',3,49.5,3,'2019-11-21 00:00:00','서울특별시 서초구 반포대로4길 58 6층일부 (서초동 케이탑리츠 서초빌딩)','206','304',37.48196,127.01593,'서초구','서초동',24,1),(25,'투룸','♡ 삼선동2가 풀옵션 깨끗합니다♡',10,36.3,5,'2019-12-04 00:00:00','서울특별시 성북구 삼선교로16길 116(삼선동2가) ','208','1006',37.58238,127.01098,'성북구','삼선동2가',46,1),(26,'원룸','♡ 역삼동 강력추천!! 저렴합니다♡',3,29.7,3,'2019-12-08 00:00:00','서울특별시 강남구 강남대로92길 17  4층 5층 (역삼동)','303','306',37.499103,127.028765,'강남구','역삼동',3,0),(28,'원룸','☞ 고덕동 풀옵션 신축! 전세자금대출 가능!☜',1,16.5,6,'2019-12-19 00:00:00','서울특별시 강동구 양재대로156길 123 (고덕동, 고덕제1동주민센터)','308','103',37.5522962,127.1557421,'강동구','고덕동',36,1),(29,'원룸','♥ 암사동 강력추천!! 전세자금대출 가능!♥',6,26.4,3,'2019-11-19 00:00:00','서울특별시 강동구 올림픽로 지하 776 (암사동)','205','608',37.5287415,127.1329407,'강동구','암사동',37,3),(30,'쓰리룸','♥ 쌍문1동 초역세권 상태 굿☜',11,59.4,0,'2019-12-02 00:00:00','서울특별시 도봉구 우이천로32길 67','206','1105',37.65079748,127.0251339,'도봉구','쌍문1동',39,0),(31,'투룸','◈지하철역 도보3분!! 신설동 급매물 저렴합니다☜',1,39.6,3,'2019-10-31 00:00:00','서울특별시 동대문구 한빛로 12(신설동) 3층일부, 4층일부, 5층일부','102','102',37.57675,127.0249,'동대문구','신설동',28,1),(32,'쓰리룸','♡지하철역 도보3분!! 서초동 풀옵션 ♡',11,52.8,5,'2019-12-02 00:00:00','서울특별시 서초구 서초대로50길 104 2층일부 (서초동 코랜드빌딩 랜드프로)','305','1102',37.48856,127.0137,'서초구','서초동',22,1),(33,'투룸','☆ 반포동 풀옵션 깔끔해요☆',17,46.2,0,'2019-12-12 00:00:00','서울특별시 서초구 신반포로 194 (반포동 강남고속버스터미널) 7층 3호','102','1702',37.50644,127.00683,'서초구','반포동',37,1),(36,'원룸','◈귀한 당산동3가 강력추천!! 상태 굿◈',9,26.4,4,'2019-11-07 00:00:00','서울특별시 영등포구 선유동1로 80(당산동3가) 구청별관 A동 지하1층 ','106','905',37.52838,126.89481,'영등포구','당산동3가',40,1),(37,'투룸','☆ 문래동3가 역세권 ☆',7,49.5,5,'2019-11-10 00:00:00','서울특별시 영등포구 선유로 42 (문래동3가) 세란병원 4층','202','704',37.51764,126.88916,'영등포구','문래동3가',23,0),(38,'오피스텔','♥ 종로4가 풀옵션 ☜',9,33,3,'2019-12-24 00:00:00','서울특별시 종로구 종로 193 6층 (종로4가, 의료관광신문사빌딩)','306','903',37.57115,126.99914,'종로구','종로4가',24,1),(39,'투룸','◈ 고덕동길 신축 저렴합니다◈',11,49.5,5,'2019-12-21 00:00:00','서울특별시 강동구 고덕동 289 (고덕동길 289)','209','1104',37.556957,127.156952,'강동구','고덕동길',27,1),(40,'쓰리룸',' 넓은 봉천동 풀옵션 신축! 깔끔해요 ',7,85.8,5,'2019-11-10 00:00:00','서울특별시 관악구 쑥고개로 67-1 1층(봉천동)','304','704',37.47966,126.94405,'관악구','봉천동',7,4),(46,'오피스텔','♥지하철역 도보3분!! 여의도동 풀옵션 접근성 좋음☜',10,23.1,5,'2019-11-23 00:00:00','서울특별시 영등포구 국회대로74길 20 714호 (여의도동 맨하탄21리빙텔)','103','1004',37.52959,126.92158,'영등포구','여의도동',20,1),(47,'투룸','☞넓은 역삼동 신축 접근성 좋음☜',4,39.6,1,'2019-10-22 00:00:00','서울특별시 강남구 테헤란로7길 8 (역삼동 비와이씨빌딩) 1001호','205','408',37.49979,127.03112,'강남구','역삼동',12,1),(48,'투룸','◈귀한 자양제2동 강력추천!! 저렴합니다◈',8,33,4,'2019-11-12 00:00:00','서울특별시 광진구 뚝섬로58길 19(자양제2동)','106','804',37.5311057,127.0846772,'광진구','자양제2동',41,4),(50,'원룸','◈지하철역 도보3분!! 천호동 급매물 맞춰드려요~◈',5,19.8,0,'2019-11-21 00:00:00','서울특별시 강동구 진황도로29길 34 (천호동, 천호동공영주차장)','207','507',37.5527562,127.1379796,'강동구','천호동',30,1),(52,'투룸','★넓은 답십리동 강력추천!! 맞춰드려요~★',7,42.9,3,'2019-10-27 00:00:00','서울특별시 동대문구 천호대로 295(답십리동) 703호','204','703',37.56646,127.05386,'동대문구','답십리동',19,0),(53,'오피스텔','☆넓은 양재동 강력추천!! 저렴합니다☆',16,19.8,5,'2019-11-19 00:00:00','서울특별시 서초구 강남대로30길 29 2층 3층 (양재동 대동빌딩)','105','1601',37.4822,127.0388,'서초구','양재동',9,1),(55,'원룸','★지하철역 도보3분!! 성내동 풀옵션 신축! 저렴합니다★',13,26.4,0,'2019-12-07 00:00:00','서울특별시 강동구 풍성로 128 (성내동, 성내동삼성아파트)','301','1306',37.5382084,127.1272493,'강동구','성내동',42,1),(56,'원룸','♡귀한 잠원동 강력추천!! ♡',4,13.2,5,'2019-12-14 00:00:00','서울특별시 서초구 강남대로 621 (잠원동 K-TOWER 빌딩) 10층일부','307','407',37.517119,127.018774,'서초구','잠원동',33,1),(57,'쓰리룸','☆지하철역 도보2분 방배동 신축 저렴합니다☜',12,92.4,0,'2019-10-20 00:00:00','서울특별시 서초구 방배로 22 301호 (방배동 삼원빌딩)','301','1205',37.47707,127.00089,'서초구','방배동',28,1),(58,'원룸','★ 동숭동 풀옵션 상태 굿★',7,26.4,3,'2019-11-21 00:00:00','서울특별시 종로구 대학로 86(동숭동 한국방송통신대학교 프라임칼리지','201','709',37.57942,127.00254,'종로구','동숭동',7,1),(59,'원룸','★귀한 묵동 풀옵션 접근성 좋음★',17,23.1,0,'2019-12-27 00:00:00','서울특별시 중랑구 숙선옹주로 6-9(묵동) 231호','203','1708',37.61486,127.0779,'중랑구','묵동',10,1),(61,'투룸','♡채광좋은 수서동 풀옵션 신축! 깔끔해요♡',8,33,0,'2019-12-11 00:00:00','서울특별시 강남구 광평로47길 28 1층일부 6층일부 (수서동 KT)','301','805',37.488447,127.098792,'강남구','수서동',35,1),(62,'쓰리룸','★지하철역 도보2분 역삼동 풀옵션 신축! 맞춰드려요~★',10,82.5,3,'2019-12-09 00:00:00','서울특별시 강남구 테헤란로 145  16층 soloffice 04호 (역삼동 우신빌딩)','105','1004',37.50071,127.0352,'강남구','역삼동',23,1),(63,'투룸','★귀한 상계동 역세권 맞춰드려요~★',5,39.6,3,'2019-10-21 00:00:00','서울특별시 노원구 동일로218길 17 (상계동)','103','501',37.65388,127.06177,'노원구','상계동',33,0),(67,'투룸','♥ 서초동 남향 저렴합니다♥',9,46.2,3,'2019-10-23 00:00:00','서울특별시 서초구 서초대로46길 20-6  지하1층 2층 3층 (서초동)','308','909',37.49152,127.00988,'서초구','서초동',21,3),(68,'원룸','★귀한 서초동 역세권 저렴합니다★',1,16.5,3,'2019-11-11 00:00:00','서울특별시 서초구 효령로 179  5층 (서초동 디비빌딩)','201','102',37.48282,127.00366,'서초구','서초동',29,4),(69,'투룸','♡ 서초동 역세권 ♡',1,42.9,3,'2019-10-20 00:00:00','서울특별시 서초구 서초대로 248 4층 (서초동)','201','103',37.49187,127.00883,'서초구','서초동',13,0),(70,'쓰리룸','☆지하철역 도보2분 장지동 신축 깨끗합니다☆',4,82.5,3,'2019-11-17 00:00:00','서울특별시 송파구 충민로6길 17(장지동) 장지동 아이코리아','205','401',37.48275,127.13404,'송파구','장지동',16,1),(71,'쓰리룸','★ 신길동 풀옵션 신축! 맞춰드려요~☜',5,49.5,5,'2019-12-25 00:00:00','서울특별시 영등포구 여의대방로 223 (신길동) 토마토오피스텔 303호','305','507',37.50682,126.92274,'영등포구','신길동',16,1),(72,'쓰리룸','♡지하철역 도보2분 신림동 급매물 접근성 좋음♡',5,99,1,'2019-12-17 00:00:00','서울특별시 관악구 조원중앙로 13 2층일부(신림동)','208','502',37.48113,126.90485,'관악구','신림동',30,1),(73,'원룸','◈채광좋은 중곡제2동 초역세권 상태 굿◈',2,19.8,0,'2019-12-28 00:00:00','서울특별시 광진구 용마산로7길 9(중곡제2동)','301','209',37.5589477,127.0870758,'광진구','중곡제2동',40,3),(74,'오피스텔','  상암동 풀옵션 깨끗합니다☜',4,29.7,3,'2019-11-25 00:00:00','서울특별시 마포구 상암동 DMC부지내 A3블록 104','102','405',37.582772,126.88531,'마포구','상암동',18,1),(75,'오피스텔','★지하철역 도보2분 신길동 역세권 저렴합니다★',12,13.2,5,'2019-11-05 00:00:00','서울특별시 영등포구 영등포로 422 [ 신길동 ] 305호(신길동 정오빌딜)','305','1208',37.51237,126.92478,'영등포구','신길동',4,1),(76,'투룸','♡채광좋은 역삼동 급매물 깨끗합니다♡',6,42.9,5,'2019-11-17 00:00:00','서울특별시 강남구 테헤란로 121 (역삼동 원빌딩) 9층일부','308','604',37.49942,127.03106,'강남구','역삼동',33,1),(77,'투룸','♡채광좋은 군자동 역세권 ☜',1,39.6,0,'2019-11-03 00:00:00','서울특별시 광진구 광나루로 373(군자동)','201','103',37.5481363,127.0715056,'광진구','군자동',24,1),(78,'원룸','  녹번동 풀옵션 신축! 깔끔해요☜',9,13.2,3,'2019-11-03 00:00:00','서울특별시 은평구 통일로 684(녹번동 5) 1동 3층','309','905',37.6124,126.92927,'은평구','녹번동',48,4),(79,'원룸','★귀한 중화동 신축 깨끗합니다★',4,23.1,3,'2019-11-22 00:00:00','서울특별시 중랑구 동일로 823(중화동) 5층일부','105','409',37.60383,127.07869,'중랑구','중화동',22,2),(82,'원룸',' 귀한 창4동 풀옵션 신축! 접근성 좋음☜',5,13.2,5,'2019-12-13 00:00:00','서울특별시 도봉구 마들로 579-19','301','506',37.6615891,127.0452774,'도봉구','창4동',17,2),(84,'쓰리룸','◈넓은 방배동 역세권 접근성 좋음◈',14,52.8,5,'2019-10-20 00:00:00','서울특별시 서초구 효령로 131 2층 (방배동 청권빌딩)','102','1406',37.48182,126.99835,'서초구','방배동',19,1),(85,'오피스텔','☆지하철역 도보2분 서초동 급매물 깨끗합니다☆',2,19.8,14,'2019-12-25 00:00:00','서울특별시 서초구 명달로 104  703호 (서초동 모짜르트홀)','204','209',37.48642,127.00454,'서초구','서초동',47,1),(86,'투룸','☆ 여의도동 강력추천!! 상태 굿☜',10,33,3,'2019-12-04 00:00:00','서울특별시 영등포구 여의대방로 67길 21 (여의도동) 정곡빌딩 919호','206','1009',37.52055,126.92948,'영등포구','여의도동',33,1),(88,'투룸','◈지하철역 도보2분 면목동 풀옵션 ☜',2,36.3,0,'2019-12-15 00:00:00','서울특별시 중랑구 면목로42길 6(면목동) 2층','201','204',37.57998,127.08846,'중랑구','면목동',47,4),(89,'오피스텔','◈ 강일동 풀옵션 접근성 좋음◈',13,23.1,5,'2019-12-13 00:00:00','서울특별시 강동구 고덕로97길 100 (강일동, 강일리버파크11단지)','301','1309',37.5592409,127.148909,'강동구','강일동',17,2),(90,'원룸','◈귀한 가산동 역세권 상태 굿☜',7,13.2,0,'2019-10-24 00:00:00','서울특별시 금천구 범안로 1130 (가산동) 가산디지털엠파이어 14층 1410호~1412호','103','704',37.46548,126.8874,'금천구','가산동',17,1),(91,'오피스텔','◈지하철역 도보3분!! 신설동 초역세권 전세자금대출 가능!◈',13,33,3,'2019-11-13 00:00:00','서울특별시 동대문구 왕산로 21(신설동) 민족통일대통령빌딩4층','101','1307',37.57678,127.02569,'동대문구','신설동',10,0),(92,'투룸','◈넓은 논현동 역세권 ◈',4,39.6,0,'2019-12-27 00:00:00','서울특별시 강남구 도산대로30길 22  3층 (논현동) 66-21번지 3층','205','406',37.51847,127.02984,'강남구','논현동',42,0),(95,'쓰리룸','☆ 양재동 풀옵션 신축! 깨끗합니다☆',8,92.4,3,'2019-11-06 00:00:00','서울특별시 서초구 바우뫼로37길 37 (양재동 한국산업기술진흥협회회관) 3층','308','804',37.48024,127.03862,'서초구','양재동',42,4),(96,'투룸','  문래동1가 초역세권 접근성 좋음☜',4,39.6,0,'2019-12-26 00:00:00','서울특별시 영등포구 경인로 706 615호 (문래동1가 한양빌딩)','301','408',37.511,126.89259,'영등포구','문래동1가',46,1),(97,'쓰리룸','★지하철역 도보2분 양평동3가 남향 저렴합니다★',6,72.6,5,'2019-11-08 00:00:00','서울특별시 영등포구 선유로 146 (양평동3가) 이앤씨드림타워 8층 일부','204','609',37.5269,126.89186,'영등포구','양평동3가',4,1),(98,'원룸','☆ 묵동 급매물 맞춰드려요~☜',12,13.2,0,'2019-12-08 00:00:00','서울특별시 중랑구 중랑역로 272(묵동) 태양빌딩 5층','303','1206',37.6161,127.0784,'중랑구','묵동',2,1),(99,'오피스텔','◈지하철역 도보2분 구로동 급매물 깨끗합니다☜',4,33,3,'2019-11-03 00:00:00','서울특별시 구로구 새말로18길 32 (구로동) 4층','203','401',37.50527,126.89251,'구로구','구로동',13,1),(100,'쓰리룸','♥지하철역 도보3분!! 답십리동 풀옵션 깔끔해요☜',8,82.5,0,'2019-12-29 00:00:00','서울특별시 동대문구 답십리로 86(답십리동) 2층','303','808',37.5744,127.0499,'동대문구','답십리동',45,2),(102,'쓰리룸','☞ 반포동 풀옵션 접근성 좋음',8,89.1,2,'2019-11-10 00:00:00','서울특별시 서초구 강남대로 515 (반포동 정명빌딩) 302호','104','807',37.50802,127.02233,'서초구','반포동',12,2),(103,'오피스텔','☞ 서초동 풀옵션 신축! 상태 굿',3,33,1,'2019-12-30 00:00:00','서울특별시 서초구 서초중앙로22길 113 202호 (서초동 성주빌딩)','302','303',37.49466,127.02,'서초구','서초동',16,1),(105,'쓰리룸','★넓은 여의도동 강력추천!! 깔끔해요☜',3,62.7,5,'2019-10-27 00:00:00','서울특별시 영등포구 국회대로76길 18 (여의도동) 604호','309','301',37.52998,126.92223,'영등포구','여의도동',46,1),(106,'원룸','♡지하철역 도보2분 가산동 급매물 저렴합니다♡',9,23.1,3,'2019-11-27 00:00:00','서울특별시 금천구 가산디지털2로 184 (가산동) 벽산디지털밸리2차 8층일부','309','909',37.48425,126.87807,'금천구','가산동',25,0),(107,'투룸',' 지하철역 도보3분!! 쌍문2동 초역세권 전세자금대출 가능!☜',4,49.5,5,'2019-12-26 00:00:00','서울특별시 도봉구 도당로2길 12-13','206','405',37.6588797,127.0359721,'도봉구','쌍문2동',6,1),(108,'원룸','☞귀한 서교동 강력추천!! ☜',8,16.5,3,'2019-11-21 00:00:00','서울특별시 마포구 서교동 328-13번지','103','808',37.554995,126.928968,'마포구','서교동',31,1),(109,'투룸','★지하철역 도보2분 도곡동 초역세권 깨끗합니다★',11,39.6,1,'2019-11-27 00:00:00','서울특별시 강남구 양재천로 171 4층 (도곡동 태현빌딩)','303','1104',37.48183,127.045,'강남구','도곡동',3,1),(110,'쓰리룸','☞채광좋은 고덕동 풀옵션 신축! 전세자금대출 가능!☜',9,89.1,0,'2019-10-29 00:00:00','서울특별시 강동구 아리수로50길 50 (고덕동, 래미안힐스테이트고덕)','308','901',37.5497434,127.1235669,'강동구','고덕동',43,1),(111,'원룸','☞ 염창동 풀옵션 깔끔해요',10,16.5,15,'2019-10-21 00:00:00','서울특별시 강서구 공항대로 615(염창동) ','204','1005',37.54734,126.87331,'강서구','염창동',29,2),(112,'원룸','♥ 노고산동 강력추천!! 깨끗합니다☜',1,16.5,5,'2019-10-26 00:00:00','서울특별시 마포구 노고산동 49-22','205','107',37.555598,126.93394,'마포구','노고산동',27,1),(113,'오피스텔','♡ 영등포동2가 신축 상태 굿♡',8,13.2,3,'2019-11-30 00:00:00','서울특별시 영등포구 버드나루로7길 7 705호(영등포동2가 카보드동우빌딩)','309','808',37.52284,126.91001,'영등포구','영등포동2가',26,0),(114,'투룸','♡귀한 연건동 남향 깔끔해요☜',13,33,0,'2019-12-19 00:00:00','서울특별시 종로구 대학로 89(연건동) 6층 일부','209','1305',37.57933,127.00164,'종로구','연건동',41,1),(116,'투룸','♥귀한 삼성동 풀옵션 신축! 접근성 좋음♥',4,49.5,0,'2019-12-30 00:00:00','서울특별시 강남구 영동대로114길 7 (삼성동 한국지식재단)','301','406',37.51538,127.06059,'강남구','삼성동',17,1),(117,'쓰리룸','◈넓은 구로동 신축 전세자금대출 가능!◈',7,85.8,3,'2019-10-22 00:00:00','서울특별시 구로구 경인로 482(구로동) 롯데마트 3층','307','707',37.49828,126.87277,'구로구','구로동',13,1),(118,'오피스텔','★채광좋은 상계동 강력추천!! ★',5,16.5,2,'2019-11-08 00:00:00','서울특별시 노원구 동일로217길(상계동) 48 ','104','506',37.65304,127.05799,'노원구','상계동',22,0),(121,'오피스텔',' 채광좋은 영등포동6가 역세권 상태 굿 ',5,16.5,0,'2019-11-22 00:00:00','서울특별시 영등포구 영등포로 189-1 (영등포동6가) MJ빌딩 4층 일부','107','509',37.52063,126.90277,'영등포구','영등포동6가',40,1),(122,'투룸','◈ 여의도동 강력추천!! 맞춰드려요~☜',10,33,3,'2019-11-11 00:00:00','서울특별시 영등포구 국회대로62길 21 [ 여의도동  동성빌딩 ] 777호 (여의도동 동성빌딩)','208','1002',37.52675,126.91728,'영등포구','여의도동',48,0),(123,'오피스텔','☞ 오류동 강력추천!! 전세자금대출 가능!☜',12,29.7,5,'2019-12-03 00:00:00','서울특별시 구로구 경인로 158 동선아파트상가 301호(오류동 동선아파트)','206','1209',37.494,126.83967,'구로구','오류동',35,1),(124,'오피스텔',' 지하철역 도보2분 쌍문2동 남향 전세자금대출 가능!☜',11,19.8,3,'2019-11-07 00:00:00','서울특별시 도봉구 노해로57길 85','306','1103',37.6545947,127.0344738,'도봉구','쌍문2동',6,1),(125,'투룸','☞귀한 서초동 급매물 ☜',8,46.2,1,'2019-11-24 00:00:00','서울특별시 서초구 남부순환로337길 35 3층 (서초동 미래소프트)','209','808',37.48411,127.02054,'서초구','서초동',4,1),(127,'원룸','☞ 여의도동 풀옵션 깔끔해요☜',15,29.7,5,'2019-12-16 00:00:00','서울특별시 영등포구 국회대로68길 7 (여의도동) 영산빌딩 5층','204','1509',37.52947,126.91949,'영등포구','여의도동',12,3),(130,'투룸',' 채광좋은 구로동 남향 깔끔해요☜',8,33,2,'2019-12-10 00:00:00','서울특별시 구로구 구일로 110 (구로동) 204호 일부','103','807',37.49507,126.87202,'구로구','구로동',39,1),(131,'투룸',' 지하철역 도보2분 신설동 초역세권 깨끗합니다 ',11,33,5,'2019-11-07 00:00:00','서울특별시 동대문구 천호대로 3(신설동) 동진회관 9층','305','1105',37.57535,127.02435,'동대문구','신설동',45,1),(132,'원룸','  답십리동 풀옵션 신축! 전세자금대출 가능! ',9,13.2,4,'2019-11-17 00:00:00','서울특별시 동대문구 천호대로 295(답십리동) 우창프라자 8층','206','908',37.56646,127.05386,'동대문구','답십리동',38,1),(133,'쓰리룸','★넓은 망원로 풀옵션 맞춰드려요~★',1,75.9,0,'2019-10-30 00:00:00','서울특별시 마포구 망원로 95','303','107',37.557904,126.907252,'마포구','망원로',36,3),(134,'원룸','◈귀한 문래동2가 역세권 전세자금대출 가능!☜',1,26.4,3,'2019-11-17 00:00:00','서울특별시 영등포구 경인로 727 종도빌딩 4층 일부 (문래동2가 종도빌딩)','305','108',37.51251,126.89439,'영등포구','문래동2가',42,1),(135,'오피스텔','☆지하철역 도보2분 길동 강력추천!! 전세자금대출 가능!☆',3,29.7,12,'2019-12-02 00:00:00','서울특별시 강동구 양재대로112길 57 (길동, 서울강동우체국)','103','302',37.5362246,127.1432923,'강동구','길동',38,1),(136,'오피스텔',' 귀한 능동 풀옵션 저렴합니다☜',12,16.5,3,'2019-12-24 00:00:00','서울특별시 광진구 천호대로110길 27(능동)','101','1209',37.5559236,127.0797402,'광진구','능동',10,4),(138,'원룸','♥ 서초동 급매물 접근성 좋음♥',4,26.4,3,'2019-12-24 00:00:00','서울특별시 서초구 반포대로22길 81 (서초동 해암빌딩) 3층','101','407',37.49101,127.01269,'서초구','서초동',15,1),(139,'원룸','★넓은 양평동4가 초역세권 ☜',3,19.8,3,'2019-11-10 00:00:00','서울특별시 영등포구 양평로22길10 천희빌딩 4층 5층일부(양평동4가)','307','304',37.53846,126.89465,'영등포구','양평동4가',43,1),(140,'원룸','★ 영등포동3가 풀옵션 신축! 상태 굿☜',13,13.2,5,'2019-12-14 00:00:00','서울특별시 영등포구 영등포로 238 (영등포동3가) 3층','108','1301',37.51913,126.90774,'영등포구','영등포동3가',16,0),(141,'오피스텔','◈넓은 문래동3가 급매물 저렴합니다☜',2,13.2,3,'2019-10-24 00:00:00','서울특별시 영등포구 경인로 775 (문래동3가) 에이스하이테크시티 606호','107','201',37.51476,126.89758,'영등포구','문래동3가',6,1),(144,'투룸','◈ 개봉동 초역세권 접근성 좋음◈',15,39.6,5,'2019-10-20 00:00:00','서울특별시 구로구 경인로 290-42 (개봉동)','102','1506',37.49657,126.85124,'구로구','개봉동',23,1),(145,'원룸','♡ 가산동 신축 깔끔해요♡',14,13.2,5,'2019-12-15 00:00:00','서울특별시 금천구 가산디지털1로 168 (가산동)B동 13층','304','1408',37.47999,126.88269,'금천구','가산동',47,3),(147,'오피스텔','◈ 서초동 강력추천!! 상태 굿◈',7,29.7,0,'2019-11-22 00:00:00','서울특별시 서초구 서초대로56길 40  102호 (서초동 지제이빌딩)','301','707',37.49281,127.01727,'서초구','서초동',27,4),(148,'쓰리룸',' 넓은 도곡동 남향 상태 굿 ',2,69.3,5,'2019-11-23 00:00:00','서울특별시 강남구 남부순환로351길 40 (도곡동)','207','203',37.487258,127.033743,'강남구','도곡동',9,1),(149,'원룸','☞ 능동 신축 저렴합니다☜',9,29.7,5,'2019-12-16 00:00:00','서울특별시 광진구 천호대로110길 50(능동)','108','906',37.5551073,127.0790598,'광진구','능동',8,1),(150,'투룸','★채광좋은 구로동 남향 저렴합니다★',6,46.2,1,'2019-10-26 00:00:00','서울특별시 구로구 디지털로32가길 16 905호 일부(구로동 파트너스타워2차)','304','604',37.48295,126.89859,'구로구','구로동',8,3),(151,'투룸',' 지하철역 도보3분!! 구로동 급매물 상태 굿 ',11,33,3,'2019-12-16 00:00:00','서울특별시 구로구 디지털로33길 28 (구로동) 우림이비지센터 1차 1104','201','1104',37.48696,126.8953,'구로구','구로동',26,2),(152,'오피스텔','☆ 구로동 역세권 저렴합니다☆',1,33,3,'2019-11-11 00:00:00','서울특별시 구로구 새말로 102 (구로동) 신도림포스빌 2504호','209','109',37.50578,126.89139,'구로구','구로동',14,1),(154,'오피스텔','☞채광좋은 영등포동 남향 깔끔해요☜',8,23.1,3,'2019-11-26 00:00:00','서울특별시 영등포구 영신로20길 6 (영등포동) 5층','308','803',37.51494,126.90833,'영등포구','영등포동',26,1),(155,'투룸','☞지하철역 도보2분 신사동 신축 저렴합니다☜',14,33,5,'2019-11-14 00:00:00','서울특별시 강남구 도산대로1길 12 2층 (신사동)','104','1405',37.5174,127.02017,'강남구','신사동',15,1),(156,'쓰리룸','☞ 구로동 역세권 저렴합니다',8,82.5,3,'2019-11-07 00:00:00','서울특별시 구로구 디지털로 273 (구로동) 에이스트윈타워2차 1105호','206','804',37.48395,126.89411,'구로구','구로동',1,4),(157,'오피스텔','★ 가산동 남향 상태 굿★',13,29.7,5,'2019-10-30 00:00:00','서울특별시 금천구 가산디지털1로 145 (가산동) 에이스하이앤드타워3차 19층','105','1305',37.47817,126.88158,'금천구','가산동',47,1),(158,'쓰리룸','☞지하철역 도보3분!! 방학3동 신축 접근성 좋음☜',10,52.8,3,'2019-11-15 00:00:00','서울특별시 도봉구 방학로 193','304','1008',37.6609311,127.0278936,'도봉구','방학3동',45,0),(159,'오피스텔','☆ 서초동 신축 깨끗합니다☜',8,29.7,5,'2019-12-18 00:00:00','서울특별시 서초구 서초중앙로 15 203 204호 (서초동 현대슈퍼빌)','203','805',37.48306,127.01691,'서초구','서초동',2,1),(160,'쓰리룸','◈귀한 서초동 신축 깨끗합니다◈',3,49.5,3,'2019-11-26 00:00:00','서울특별시 서초구 서초중앙로 118 (서초동 카이스시스템빌딩) 6층','106','303',37.49239,127.01423,'서초구','서초동',15,1),(161,'원룸','♥지하철역 도보3분!! 중곡제3동 남향 맞춰드려요~♥',13,23.1,0,'2019-11-30 00:00:00','서울특별시 광진구 동일로72길 51(중곡제3동)','209','1304',37.5653027,127.0804534,'광진구','중곡제3동',48,1),(164,'쓰리룸','☆지하철역 도보3분!! 쌍문4동 급매물 저렴합니다☜',10,89.1,0,'2019-11-28 00:00:00','서울특별시 도봉구 시루봉로 57','309','1001',37.6558434,127.0276577,'도봉구','쌍문4동',17,1),(166,'원룸','◈귀한 동교동 초역세권 깔끔해요☜',5,29.7,0,'2019-12-23 00:00:00','서울특별시 마포구 동교동 154-1','106','503',37.55903,126.924825,'마포구','동교동',47,1),(167,'오피스텔','♡지하철역 도보3분!! 서초동 풀옵션 신축! 맞춰드려요~♡',2,19.8,0,'2019-12-04 00:00:00','서울특별시 서초구 법원로4길 13 4층 (서초동 춘광빌딩)','308','208',37.4945,127.01129,'서초구','서초동',7,4),(169,'투룸','  시흥동 초역세권 깔끔해요 ',1,33,0,'2019-11-30 00:00:00','서울특별시 금천구 시흥대로73길(시흥동) 70 ','204','109',37.4569,126.89538,'금천구','시흥동',9,1),(170,'원룸','◈지하철역 도보3분!! 독산동 남향 접근성 좋음◈',15,29.7,2,'2019-12-05 00:00:00','서울특별시 금천구 남부순환로 1428 (독산동) 5층','107','1505',37.48059,126.90944,'금천구','독산동',45,0),(171,'쓰리룸','  쌍문3동 남향 상태 굿☜',7,79.2,3,'2019-10-31 00:00:00','서울특별시 도봉구 노해로44길 9','108','707',37.6489437,127.0279086,'도봉구','쌍문3동',9,1),(172,'오피스텔','  신설동 남향 맞춰드려요~☜',1,16.5,5,'2019-11-17 00:00:00','서울특별시 동대문구 왕산로 14(신설동) 지하1층 1층일부 2층','102','103',37.57595,127.0253,'동대문구','신설동',40,2),(173,'쓰리룸','♥지하철역 도보2분 전농동 강력추천!! 깨끗합니다♥',7,66,0,'2019-10-28 00:00:00','서울특별시 동대문구 왕산로 214(전농동) 8층','104','707',37.5797,127.04915,'동대문구','전농동',8,1),(174,'투룸','◈ 휘경동 풀옵션 신축! ◈',18,46.2,5,'2019-12-25 00:00:00','서울특별시 동대문구 망우로82 (휘경동) ','202','1803',37.58871,127.06597,'동대문구','휘경동',4,1),(175,'원룸','♥지하철역 도보2분 서교동 역세권 맞춰드려요~☜',12,13.2,0,'2019-12-07 00:00:00','서울특별시 마포구 서교동 459-1번지','206','1204',37.555717,126.915309,'마포구','서교동',16,1),(176,'투룸','☞지하철역 도보2분 상수동 풀옵션 신축! 맞춰드려요~☜',7,49.5,5,'2019-12-28 00:00:00','서울특별시 마포구 와우산로 94(상수동) ','109','706',37.55132,126.92674,'마포구','상수동',36,0),(177,'투룸','☞채광좋은 방배동 풀옵션 상태 굿',12,36.3,3,'2019-12-13 00:00:00','서울특별시 서초구 방배로25길 17 302호 (방배동 대한전광사옥 비에이치성과관리센터)','306','1201',37.48825,126.99185,'서초구','방배동',13,0),(178,'쓰리룸','  영등포동 풀옵션 맞춰드려요~☜',2,79.2,3,'2019-11-08 00:00:00','서울특별시 영등포구 영신로20길 10-1 4층 (영등포동 호산빌딩)','304','204',37.51517,126.9088,'영등포구','영등포동',4,1),(179,'쓰리룸','☆지하철역 도보2분 역삼동 남향 맞춰드려요~☆',1,59.4,4,'2019-10-28 00:00:00','서울특별시 강남구 테헤란로 151 (역삼동 역삼하이츠빌딩) 4층','207','104',37.50098,127.03614,'강남구','역삼동',29,1),(180,'오피스텔','♥ 양재동 강력추천!! ♥',8,16.5,0,'2019-12-11 00:00:00','서울특별시 서초구 양재천로7길 22 (양재동 하이패밀리) 지하1층 1층일부 2층일부 3층일부 5층','104','803',37.47506,127.03551,'서초구','양재동',36,0),(181,'투룸',' 채광좋은 여의도동 풀옵션 신축! 접근성 좋음 ',17,49.5,3,'2019-12-15 00:00:00','서울특별시 영등포구 국회대로 750 금산빌딩 1107호 1113호 (여의도동)','306','1703',37.52827,126.91644,'영등포구','여의도동',33,1),(182,'원룸','◈ 양재동 급매물 맞춰드려요~◈',4,16.5,3,'2019-12-26 00:00:00','서울특별시 서초구 남부순환로356길 69 (양재동 협립빌딩) 2층','207','408',37.48185,127.03876,'서초구','양재동',35,0),(183,'투룸','☞채광좋은 삼성2동 역세권 접근성 좋음☜',2,49.5,5,'2019-11-13 00:00:00','서울특별시 강남구 선릉로 116길 45(삼성2동 28번지) ','106','202',37.51369,127.04687,'강남구','삼성2동',15,0),(186,'투룸','★ 능동 초역세권 맞춰드려요~☜',11,49.5,5,'2019-11-09 00:00:00','서울특별시 광진구 능동로36길 24(능동)','109','1107',37.5558218,127.0804375,'광진구','능동',17,1),(189,'투룸','★채광좋은 청량리동 남향 깔끔해요★',5,36.3,3,'2019-11-06 00:00:00','서울특별시 동대문구 제기로 93(청량리동) ','108','508',37.58696,127.04352,'동대문구','청량리동',11,1),(190,'오피스텔','☆귀한 상봉동 급매물 전세자금대출 가능!☜',18,16.5,13,'2019-12-19 00:00:00','서울특별시 중랑구 망우로 353(상봉동) 1층 일부','302','1808',37.59796,127.0901,'중랑구','상봉동',21,4),(191,'투룸','☞지하철역 도보2분 역삼동 풀옵션 신축! 깔끔해요☜',4,39.6,1,'2019-12-15 00:00:00','서울특별시 강남구 선릉로93길 54  4층 (역삼동 일환빌딩)','305','407',37.50426,127.04431,'강남구','역삼동',18,1),(192,'투룸','☆귀한 암사동 초역세권 ☆',10,36.3,3,'2019-10-24 00:00:00','서울특별시 강동구 고덕로24길 49 (암사동)','306','1003',37.5365255,127.1313242,'강동구','암사동',31,1),(194,'오피스텔','★ 가산동 강력추천!! 맞춰드려요~★',3,19.8,3,'2019-11-24 00:00:00','서울특별시 금천구 가산디지털2로 184 423호(가산동 벽산/경인디지털밸리2)','207','306',37.48425,126.87807,'금천구','가산동',7,4),(195,'오피스텔','★채광좋은 서초동 남향 접근성 좋음★',6,29.7,4,'2019-10-26 00:00:00','서울특별시 서초구 남부순환로339길 64-19 1층 (서초동 라벤다빌딩)','102','608',37.48609,127.02207,'서초구','서초동',35,0),(196,'원룸','♥지하철역 도보2분 문래동 남향 맞춰드려요~☜',2,23.1,4,'2019-12-06 00:00:00','서울특별시 영등포구 경인로 706 (문래동 1가 한양빌딩) 2층','303','202',37.511,126.89259,'영등포구','문래동',15,4),(197,'투룸','☞ 둔촌동 초역세권 상태 굿☜',12,33,2,'2019-11-09 00:00:00','서울특별시 강동구 동남로49길 57 (둔촌동, 현대아파트)','204','1203',37.5477835,127.1508034,'강동구','둔촌동',33,1),(198,'쓰리룸','☆지하철역 도보3분!! 가산동 남향 깔끔해요☜',9,75.9,5,'2019-10-25 00:00:00','서울특별시 금천구 가산디지털2로 123 517 (가산동 월드메르디앙센터2)','208','908',37.47872,126.8787,'금천구','가산동',20,1),(200,'쓰리룸','☞ 논현동 강력추천!! 저렴합니다☜',7,85.8,0,'2019-10-23 00:00:00','서울특별시 강남구 학동로43길 17 (논현동 논현2문화센터) 2층/4층','107','705',37.51727,127.03719,'강남구','논현동',32,2),(201,'투룸','☆지하철역 도보2분 역삼동 강력추천!! 깨끗합니다☆',2,46.2,5,'2019-11-18 00:00:00','서울특별시 강남구 언주로 431 3층 (역삼동 삼봉빌딩)','302','202',37.50194,127.04271,'강남구','역삼동',8,1),(204,'원룸','★지하철역 도보2분 가산동 신축 전세자금대출 가능!★',4,29.7,3,'2019-12-30 00:00:00','서울특별시 금천구 벚꽃로 244 벽산디지털밸리5차 210호 (가산동 벽산디지털밸리V)','105','404',37.47676,126.88582,'금천구','가산동',12,1),(205,'오피스텔',' 채광좋은 창3동 강력추천!! 상태 굿☜',8,33,5,'2019-12-03 00:00:00','서울특별시 도봉구 덕릉로62길 89','102','809',37.6381103,127.0428666,'도봉구','창3동',41,1),(209,'원룸','♡귀한 중곡제4동 급매물 깨끗합니다♡',7,29.7,0,'2019-10-31 00:00:00','서울특별시 광진구 용마산로 52(중곡제4동)','304','703',37.5582899,127.0880029,'광진구','중곡제4동',20,4),(210,'오피스텔','☆채광좋은 화양동 급매물 상태 굿☆',12,19.8,0,'2019-12-25 00:00:00','서울특별시 광진구 능동로 135(화양동)','207','1202',37.5429693,127.0718085,'광진구','화양동',42,1),(211,'오피스텔','♡채광좋은 구로동 급매물 깔끔해요♡',1,33,3,'2019-12-27 00:00:00','서울특별시 구로구 디지털로32길 30 202 (구로동 코오롱 디지털타워 빌란트)','308','105',37.48339,126.89653,'구로구','구로동',21,0),(212,'원룸','☆ 시흥동 신축 접근성 좋음☜',7,16.5,0,'2019-11-11 00:00:00','서울특별시 금천구 시흥대로 270 [ 시흥동  삼원빌딩 ] 삼원빌딩 3층 (시흥동 삼원빌딩)','205','703',37.45779,126.89983,'금천구','시흥동',29,0),(213,'쓰리룸','◈지하철역 도보2분 서교동 풀옵션 접근성 좋음☜',6,62.7,0,'2019-11-01 00:00:00','서울특별시 마포구 서교동 394-67 삼양빌딩 1층','203','606',37.550091,126.915945,'마포구','서교동',4,1),(215,'오피스텔',' 채광좋은 삼성동 신축 저렴합니다 ',14,26.4,5,'2019-12-07 00:00:00','서울특별시 강남구 테헤란로69길 10 (삼성동 퍼시픽빌딩) 706호','309','1402',37.50659,127.05272,'강남구','삼성동',33,1),(216,'투룸','★귀한 중곡제3동 남향 전세자금대출 가능!★',8,49.5,0,'2019-12-20 00:00:00','서울특별시 광진구 동일로 444(중곡제3동)','109','805',37.5696611,127.0797625,'광진구','중곡제3동',48,4),(218,'오피스텔','★ 장안동 초역세권 깔끔해요★',15,16.5,5,'2019-12-18 00:00:00','서울특별시 동대문구 답십리로 288(장안동) 13층 일부','101','1507',37.57193,127.07235,'동대문구','장안동',34,4),(219,'오피스텔','♡지하철역 도보2분 노량진동 급매물 저렴합니다♡',2,16.5,0,'2019-11-12 00:00:00','서울특별시 동작구 만양로 105 2층일부(노량진동 한성빌딩)','204','206',37.51284,126.944,'동작구','노량진동',27,4),(220,'원룸','☆지하철역 도보3분!! 신내동 풀옵션 신축! 전세자금대출 가능!☜',19,23.1,3,'2019-11-10 00:00:00','서울특별시 중랑구 신내로 201(신내동) ','302','1904',37.61582,127.09373,'중랑구','신내동',35,4),(221,'투룸','♥지하철역 도보3분!! 구로동 남향 접근성 좋음☜',9,49.5,3,'2019-11-19 00:00:00','서울특별시 구로구 디지털로32가길 16 (구로동) 2차 402호','101','901',37.48295,126.89859,'구로구','구로동',29,0),(222,'쓰리룸','☆귀한 방이동 풀옵션 신축! 접근성 좋음☆',7,79.2,4,'2019-10-25 00:00:00','서울특별시 송파구 오금로11길 29-14(방이동) 5층','105','707',37.51587,127.11041,'송파구','방이동',26,1),(223,'쓰리룸',' 지하철역 도보3분!! 개포2동 급매물 접근성 좋음 ',20,49.5,3,'2019-10-25 00:00:00','서울특별시 강남구 선릉로4길 30 (개포2동 139)','106','2003',37.48289,127.062786,'강남구','개포2동',32,1),(224,'원룸','☞귀한 청담동 남향 매물입니다☜',18,23.1,4,'2019-10-29 00:00:00','서울특별시 강남구 도산대로81길 41 3층 (청담동 청담빌딩)','306','1801',37.52685,127.04654,'강남구','청담동',12,0),(226,'오피스텔',' 귀한 신설동 신축 깔끔해요☜',4,19.8,3,'2019-12-19 00:00:00','서울특별시 동대문구 천호대로 4길 22(신설동 109-7) 동대문도서관','101','403',37.57348,127.02481,'동대문구','신설동',31,1),(229,'오피스텔',' 채광좋은 정릉동 신축 상태 굿 ',2,29.7,0,'2019-10-23 00:00:00','서울특별시 성북구 서경로 124(정릉동) 서경대학교 예술종합평생교육원(유담관 12층)','105','207',37.61541,127.01357,'성북구','정릉동',30,1),(230,'오피스텔','☞지하철역 도보3분!! 문래동3가 남향 맞춰드려요~☜',7,29.7,0,'2019-11-30 00:00:00','서울특별시 영등포구 문래로 79-4 (문래동3가) 6층','306','703',37.51981,126.89097,'영등포구','문래동3가',36,1),(231,'쓰리룸','♡ 구의제1동 풀옵션 저렴합니다♡',10,49.5,0,'2019-11-12 00:00:00','서울특별시 광진구 자양로 183(구의제1동)','101','1005',37.543934,127.0845804,'광진구','구의제1동',31,4),(232,'쓰리룸','☞채광좋은 창동 풀옵션 신축! 접근성 좋음☜',5,56.1,3,'2019-11-05 00:00:00','서울특별시 도봉구 덕릉로53길 31 (창동)','104','508',37.6387,127.03573,'도봉구','창동',8,0),(233,'원룸','♡지하철역 도보3분!! 신설동 남향 상태 굿☜',1,26.4,0,'2019-12-16 00:00:00','서울특별시 동대문구 하정로3길 14(신설동) ','106','101',37.57555,127.02577,'동대문구','신설동',6,1),(234,'오피스텔','♡지하철역 도보3분!! 구의제3동 역세권 접근성 좋음♡',6,33,0,'2019-12-11 00:00:00','서울특별시 광진구 구의로 16(구의제3동)','103','603',37.5392362,127.0895024,'광진구','구의제3동',21,1),(235,'투룸','♥지하철역 도보3분!! 화양동 급매물 상태 굿♥',5,42.9,3,'2019-11-20 00:00:00','서울특별시 광진구 능동로 147-1(화양동)','307','508',37.54403584,127.0722207,'광진구','화양동',13,1),(236,'투룸','☞지하철역 도보2분 구로동 강력추천!! 깔끔해요☜',3,49.5,3,'2019-12-28 00:00:00','서울특별시 구로구 디지털로 285 [ 구로동  에이스트윈타워 1차 ] 606호 (구로동 에이스트윈타워1)','304','308',37.48449,126.89451,'구로구','구로동',10,0),(237,'투룸','♡채광좋은 중계동 초역세권 상태 굿♡',5,42.9,3,'2019-11-09 00:00:00','서울특별시 노원구 노원로 330 (중계동)','309','505',37.64679,127.07096,'노원구','중계동',41,1),(239,'원룸',' 채광좋은 신설동 남향 맞춰드려요~ ',14,13.2,3,'2019-12-22 00:00:00','서울특별시 동대문구 왕산로 25(신설동) 15층 일부','308','1405',37.57682,127.02613,'동대문구','신설동',12,4),(240,'쓰리룸','◈ 반포동 급매물 맞춰드려요~☜',2,59.4,5,'2019-11-21 00:00:00','서울특별시 서초구 신반포로3길 8 지하 142호 (반포동 반포프라자)','203','202',37.50214,126.9869,'서초구','반포동',5,3),(241,'투룸','◈채광좋은 성내동 초역세권 저렴합니다◈',3,49.5,4,'2019-10-21 00:00:00','서울특별시 강동구 풍성로45길 11 (성내동, 안말어린이공원 공영주차장)','207','302',37.5390879,127.1332521,'강동구','성내동',35,2),(242,'투룸',' 지하철역 도보2분 가산동 남향  ',2,49.5,3,'2019-10-29 00:00:00','서울특별시 금천구 가산디지털1로 219, (가산동 벽산디지털밸리6)303~306호','108','202',37.4845,126.87899,'금천구','가산동',26,4),(243,'쓰리룸',' 지하철역 도보3분!! 가산동 풀옵션 상태 굿 ',8,95.7,0,'2019-12-03 00:00:00','서울특별시 금천구 서부샛길 606 A동 1303호(가산동 대성디폴리스지식산업센터)','103','805',37.47999,126.87702,'금천구','가산동',30,1),(245,'투룸','☞채광좋은 도곡동 풀옵션 상태 굿',7,33,3,'2019-12-30 00:00:00','서울특별시 강남구 도곡로 110-0(도곡동) 11','101','702',37.49421,127.04625,'강남구','도곡동',1,0),(246,'원룸','♥넓은 서초동 급매물 전세자금대출 가능!♥',6,19.8,3,'2019-12-03 00:00:00','서울특별시 서초구 강남대로65길 12 (서초동 한서그린빌리지) 609호','306','604',37.50051,127.02472,'서초구','서초동',10,0),(247,'투룸','☞넓은 염창동 급매물 깨끗합니다☜',7,39.6,1,'2019-12-02 00:00:00','서울특별시 강서구 공항대로 615(염창동,강서평생학습관)','201','708',37.4836913,126.9301698,'강서구','염창동',40,4),(248,'원룸','♥ 신정동 남향 깔끔해요♥',16,26.4,3,'2019-12-16 00:00:00','서울특별시 양천구 목동서로 367(신정동 322) ','302','1606',37.51656,126.86324,'양천구','신정동',23,1),(249,'원룸','♥지하철역 도보2분 여의도동 초역세권 깨끗합니다☜',3,19.8,3,'2019-12-07 00:00:00','서울특별시 영등포구 은행로11 2층일부(여의도동 일신빌딩)','106','308',37.52792,126.92023,'영등포구','여의도동',43,1),(250,'쓰리룸',' 채광좋은 문래동 급매물 저렴합니다 ',14,49.5,5,'2019-12-14 00:00:00','서울특별시 영등포구 문래로20길 49(문래동 3가) 문래정보문화도서관 5층 ','302','1409',37.51686,126.89089,'영등포구','문래동',17,0),(251,'원룸',' 귀한 명일동 급매물 전세자금대출 가능! ',6,23.1,3,'2019-11-08 00:00:00','서울특별시 강동구 동남로 881 (명일동)','109','609',37.5528301,127.1571983,'강동구','명일동',20,1),(252,'오피스텔','♡채광좋은 구로동 역세권 깔끔해요☜',1,19.8,3,'2019-11-06 00:00:00','서울특별시 구로구 디지털로33길 48 (구로동) 1409호,1410호','209','107',37.48725,126.89449,'구로구','구로동',24,3),(253,'오피스텔','☞지하철역 도보2분 가산동 역세권 ☜',11,13.2,3,'2019-11-18 00:00:00','서울특별시 금천구 가산디지털1로 2 우림라이온스밸리 2차 709호 (가산동 우림라이온스밸리 2차)','306','1101',37.46683,126.888,'금천구','가산동',26,4),(254,'원룸','◈지하철역 도보3분!! 합정동 역세권 깨끗합니다☜',11,13.2,3,'2019-12-01 00:00:00','서울특별시 마포구 합정동 412-8번지','103','1101',37.548433,126.917825,'마포구','합정동',19,0),(256,'쓰리룸','☞채광좋은 공릉동 풀옵션 상태 굿',7,72.6,7,'2019-12-12 00:00:00','서울특별시 노원구 화랑로 815 (공릉동)','106','707',37.64135,127.10957,'노원구','공릉동',39,1),(257,'원룸','☞넓은 방학동 역세권 저렴합니다☜',10,29.7,3,'2019-12-05 00:00:00','서울특별시 도봉구 시루봉로(방학동) 128 ','305','1002',37.66215,127.02784,'도봉구','방학동',38,4),(258,'오피스텔','☞ 망원동 남향 깨끗합니다☜',1,29.7,5,'2019-11-18 00:00:00','서울특별시 마포구 망원동 431-43번지','308','105',37.55864,126.900168,'마포구','망원동',20,1),(259,'투룸','★귀한 노고산동 풀옵션 맞춰드려요~★',12,42.9,0,'2019-12-22 00:00:00','서울특별시 마포구 노고산동 31-21','302','1204',37.55451,126.937147,'마포구','노고산동',24,1),(261,'투룸','★ 고덕동 남향 투룸~★',7,42.9,3,'2019-12-09 00:00:00','서울특별시 강동구 동남로79길 26 (고덕동, 고덕아이파크)','109','707',37.55728108,127.1515066,'강동구','고덕동',39,1),(263,'투룸','☞ 용두동 풀옵션 접근성 좋음',9,36.3,3,'2019-10-21 00:00:00','서울특별시 동대문구 왕산로 61(용두동) ','201','907',37.578,127.03002,'동대문구','용두동',34,1),(264,'쓰리룸','★지하철역 도보2분 노량진동 초역세권 상태 굿★',10,79.2,0,'2019-10-20 00:00:00','서울특별시 동작구 노량진로 166 2층일부(노량진동)','101','1002',37.51334,126.94478,'동작구','노량진동',8,1),(265,'원룸','  망우동 신축 깨끗합니다☜',3,16.5,3,'2019-12-23 00:00:00','서울특별시 중랑구 상봉로 118(망우동) 4층','305','307',37.596438,127.09359,'중랑구','망우동',21,1),(266,'원룸','☞넓은 삼성동 역세권 시설 좋아요☜',7,19.8,0,'2019-12-02 00:00:00','서울특별시 강남구 삼성로112길 7 2층 (삼성동 영빌딩)','101','701',37.51464,127.05304,'강남구','삼성동',25,1),(267,'원룸','☆ 군자동 풀옵션 전세자금대출 가능!☜',11,23.1,5,'2019-11-14 00:00:00','서울특별시 광진구 군자로 159(군자동)','304','1104',37.5552414,127.0766135,'광진구','군자동',26,1),(268,'투룸','♡ 신설동 남향 접근성 좋음♡',2,49.5,3,'2019-11-10 00:00:00','서울특별시 동대문구 청계천로 421(신설동) 인창빌딩 4층','309','204',37.57184,127.02439,'동대문구','신설동',36,0),(270,'원룸',' 귀한 당산동2가 역세권 ☜',6,29.7,3,'2019-12-27 00:00:00','서울특별시 영등포구 영등포로 122 302호 (당산동2가 대성빌딩)','305','601',37.52126,126.89489,'영등포구','당산동2가',2,3),(271,'투룸','☞지하철역 도보2분 구로동 신축 깔끔해요',1,42.9,3,'2019-11-30 00:00:00','서울특별시 구로구 디지털로34길 43 (구로동) 202호 203호','208','102',37.48516,126.89881,'구로구','구로동',40,1),(272,'쓰리룸','◈ 가산동 강력추천!! 접근성 좋음☜',3,89.1,3,'2019-11-03 00:00:00','서울특별시 금천구 가산디지털2로 123 (가산동 월드메르디앙벤처센터II) 1010-5','104','301',37.47872,126.8787,'금천구','가산동',15,0),(273,'오피스텔','♥ 용두동 풀옵션 저렴합니다♥',11,23.1,0,'2019-11-16 00:00:00','서울특별시 동대문구 안암로14길 25(용두동) 동경빌딩 302호','201','1101',37.58055,127.02887,'동대문구','용두동',33,4),(274,'쓰리룸','☆ 서초동 풀옵션 신축! 깨끗합니다☜',8,92.4,3,'2019-10-28 00:00:00','서울특별시 서초구 효령로 283 지하1층일부 (서초동)','107','809',37.48502,127.01502,'서초구','서초동',29,1),(277,'투룸','☞지하철역 도보3분!! 중곡제1동 남향 상태 굿',5,46.2,0,'2019-11-01 00:00:00','서울특별시 광진구 긴고랑로 25(중곡제1동)','109','503',37.5634969,127.0792848,'광진구','중곡제1동',37,4),(278,'투룸',' 귀한 구로5동 역세권 깨끗합니다 ',1,39.6,0,'2019-12-17 00:00:00','서울특별시 구로구 공원로8길 13 (구로5동 516-6번지) 2층','303','106',37.50314,126.89009,'구로구','구로5동',1,1),(280,'쓰리룸','☞넓은 묵동 급매물 맞춰드려요~☜',11,69.3,4,'2019-10-29 00:00:00','서울특별시 중랑구 동일로157길 60(묵동) 406호 B동','109','1109',37.60965,127.07433,'중랑구','묵동',16,1),(281,'오피스텔','☞ 양평동1가 강력추천!! 접근성 좋음',2,16.5,0,'2019-12-27 00:00:00','서울특별시 영등포구 선유로28길 6 노무빌딩 501호 (양평동1가)','205','209',37.52422,126.8913,'영등포구','양평동1가',44,0),(283,'투룸',' 귀한 천호동 신축  ',8,36.3,2,'2019-12-30 00:00:00','서울특별시 강동구 천호대로157길 14 (천호동)','205','809',37.5473643,127.1464048,'강동구','천호동',37,1),(284,'투룸','◈지하철역 도보3분!! 용두동 역세권 맞춰드려요~◈',15,36.3,3,'2019-11-05 00:00:00','서울특별시 동대문구 무학로 134(용두동) 401호','308','1508',37.57617,127.03076,'동대문구','용두동',36,1),(285,'투룸','☞채광좋은 서교동 초역세권 저렴합니다☜',5,33,4,'2019-12-08 00:00:00','서울특별시 마포구 서교동 394','106','507',37.549726,126.914929,'마포구','서교동',28,1),(286,'원룸','♡ 영등포동 역세권 깨끗합니다♡',2,29.7,0,'2019-12-15 00:00:00','서울특별시 영등포구 영신로17길 7 (영등포동) 우진빌딩 3층 일부','201','201',37.5139,126.90744,'영등포구','영등포동',39,0),(287,'투룸','☆채광좋은 명일동 강력추천!! 깔끔해요☆',12,42.9,4,'2019-12-13 00:00:00','서울특별시 강동구 구천면로(명일동) 395 ','302','1206',37.55105,127.1429,'강동구','명일동',37,1),(288,'오피스텔','☆채광좋은 화양동 역세권 전세자금대출 가능!☆',9,13.2,5,'2019-11-17 00:00:00','서울특별시 광진구 광나루로 428(화양동)','303','901',37.54585292,127.0768756,'광진구','화양동',13,1),(293,'투룸','◈지하철역 도보3분!! 역촌동 역세권 맞춰드려요~☜',1,33,3,'2019-10-20 00:00:00','서울특별시 은평구 서오릉로 87(역촌동) ','208','103',37.60782,126.92117,'은평구','역촌동',36,1),(294,'원룸','◈ 신내동 풀옵션 접근성 좋음◈',5,23.1,0,'2019-11-12 00:00:00','서울특별시 중랑구 신내로1길 14(신내동) 1층 일부 지하1층 전부','202','501',37.59973,127.09624,'중랑구','신내동',6,1),(296,'쓰리룸','★채광좋은 서초동 역세권 ★',1,72.6,3,'2019-11-25 00:00:00','서울특별시 서초구 서초중앙로22길 113 2층일부 (서초동 성주빌딩)','102','106',37.49466,127.02,'서초구','서초동',3,1),(297,'쓰리룸','♥지하철역 도보3분!! 당산동4가 초역세권 전세자금대출 가능!♥',12,46.2,3,'2019-11-19 00:00:00','서울특별시 영등포구 국회대로37길9 4층(당산동4가)','102','1207',37.52801,126.89976,'영등포구','당산동4가',11,1),(299,'오피스텔',' 지하철역 도보3분!! 가산동 풀옵션 신축! 깨끗합니다☜',15,33,0,'2019-11-29 00:00:00','서울특별시 금천구 서부샛길 606 (가산동) 대성디폴리스 A동 30층 CAFE24 창업센터 B09호','209','1509',37.47999,126.87702,'금천구','가산동',44,0),(300,'원룸','♥지하철역 도보2분 방학2동 풀옵션 신축! ♥',2,23.1,8,'2019-10-29 00:00:00','서울특별시 도봉구 도당로13다길 45','303','208',37.6647649,127.032745,'도봉구','방학2동',13,1),(301,'투룸','☞지하철역 도보2분 상암동 풀옵션 신축! ☜',8,39.6,3,'2019-11-05 00:00:00','서울특별시 마포구 상암동 1752상암월드컵파크9단지104,5호','305','808',37.583477,126.878551,'마포구','상암동',33,4),(302,'오피스텔',' 넓은 영등포동3가 급매물  ',6,23.1,0,'2019-11-03 00:00:00','서울특별시 영등포구 영중로6길 16 (영등포동3가) 아영빌딩 3층','103','604',37.51786,126.90754,'영등포구','영등포동3가',34,1),(303,'쓰리룸','◈ 대림동 신축 상태 굿☜',6,95.7,3,'2019-11-20 00:00:00','서울특별시 영등포구 도신로4길 19 두원빌딩 1층 (대림동)','103','607',37.50186,126.89628,'영등포구','대림동',31,0),(305,'쓰리룸',' 지하철역 도보2분 화곡동 초역세권 깨끗합니다 ',7,59.4,3,'2019-12-28 00:00:00','서울특별시 강서구 화곡로13길 119 3층 (화곡동, 스마일스토리)','109','708',37.54488,126.8336,'강서구','화곡동',16,1),(306,'오피스텔','◈채광좋은 창2동 풀옵션 신축! 맞춰드려요~☜',7,23.1,3,'2019-12-19 00:00:00','서울특별시 도봉구 우이천로 200','305','701',37.63756464,127.0359154,'도봉구','창2동',48,1),(308,'원룸',' 귀한 영등포동3가 남향 맞춰드려요~☜',12,19.8,0,'2019-11-29 00:00:00','서울특별시 영등포구 경인로 875-1 (영등포동3가) 4~5층','303','1204',37.51778,126.90986,'영등포구','영등포동3가',45,1),(310,'원룸','◈넓은 당산동6가 초역세권 깨끗합니다◈',16,16.5,3,'2019-12-26 00:00:00','서울특별시 영등포구 당산로49길 4 (당산동6가) 태인빌딩 7층 일부','105','1602',37.53553,126.90276,'영등포구','당산동6가',29,1),(311,'원룸','  망우동 신축 전세자금대출 가능!☜',5,29.7,0,'2019-11-02 00:00:00','서울특별시 중랑구 망우로67길 10(망우동), 망우본동복합청사 3층 중랑구 평생학습관','103','508',37.60055,127.10152,'중랑구','망우동',27,1),(312,'오피스텔','★지하철역 도보3분!! 명일동 급매물 맞춰드려요~★',2,23.1,3,'2019-12-12 00:00:00','서울특별시 강동구 동남로 877 (명일동)','109','204',37.5341192,127.146446,'강동구','명일동',13,1),(313,'원룸','◈채광좋은 상일동 풀옵션 신축! ◈',4,19.8,5,'2019-10-28 00:00:00','서울특별시 강동구 천호대로219길 61 (상일동, 상일미디어고등학교)','207','401',37.5489526,127.1701365,'강동구','상일동',18,2),(315,'원룸','  쌍문2동 풀옵션 신축! 깔끔해요☜',1,26.4,3,'2019-10-25 00:00:00','서울특별시 도봉구 도봉로123길 33','307','109',37.6529687,127.0351703,'도봉구','쌍문2동',9,0),(316,'오피스텔','☆ 청량리동 풀옵션 접근성 좋음☆',2,29.7,0,'2019-11-20 00:00:00','서울특별시 동대문구 왕산로 225(청량리동) 미주상가 A동 5층 501호','209','202',37.58211,127.04722,'동대문구','청량리동',9,1),(317,'쓰리룸','★지하철역 도보3분!! 합정동 풀옵션 접근성 좋음☜',3,46.2,5,'2019-12-26 00:00:00','서울특별시 마포구 합정동 395-1번지','206','303',37.550136,126.90809,'마포구','합정동',28,4),(319,'원룸','☆ 묵동 역세권 접근성 좋음☜',10,29.7,4,'2019-10-22 00:00:00','서울특별시 중랑구 중랑역로 272(묵동) 3층','301','1005',37.6161,127.0784,'중랑구','묵동',6,4),(320,'오피스텔','☞채광좋은 삼성동 풀옵션 맞춰드려요~☜',8,16.5,3,'2019-12-11 00:00:00','서울특별시 강남구 봉은사로84길 6 (삼성동 로프트빌딩) 지하101호','106','809',37.51286,127.05627,'강남구','삼성동',28,1),(325,'오피스텔','☞지하철역 도보3분!! 구의제3동 신축 깨끗합니다☜',4,13.2,0,'2019-12-06 00:00:00','서울특별시 광진구 광나루로56길 29(구의제3동)','307','403',37.53695823,127.0965357,'광진구','구의제3동',27,0),(326,'원룸','★귀한 가산동 강력추천!! 전세자금대출 가능!☜',5,19.8,5,'2019-12-18 00:00:00','서울특별시 금천구 가산디지털1로 168 (가산동) 우림라이온스밸리 901호','308','506',37.47999,126.88269,'금천구','가산동',38,1),(327,'쓰리룸','☆귀한 가산동 신축 맞춰드려요~☜',1,59.4,5,'2019-11-05 00:00:00','서울특별시 금천구 가산디지털1로 168 (가산동) A동 1008호','202','109',37.47999,126.88269,'금천구','가산동',19,3),(329,'쓰리룸','♡귀한 양재동 강력추천!! 상태 굿♡',20,75.9,2,'2019-10-28 00:00:00','서울특별시 서초구 바우뫼로43길 56 (양재동 경원빌딩) 2 3층','109','2005',37.48394,127.04149,'서초구','양재동',6,1),(330,'오피스텔','◈지하철역 도보2분 면목동 급매물 전세자금대출 가능!◈',14,26.4,5,'2019-10-27 00:00:00','서울특별시 중랑구 면목로 352(면목동) ','206','1407',37.58332,127.08861,'중랑구','면목동',10,3),(331,'원룸','asdf',-1,1,0,NULL,'서울 서초구 강남대로 231-2','','123',37.484118246970425,127.03399658780448,'서초구','서초동',110,0);
/*!40000 ALTER TABLE `room` ENABLE KEYS */;
UNLOCK TABLES;

--
-- Table structure for table `user`
--

DROP TABLE IF EXISTS `user`;
/*!40101 SET @saved_cs_client     = @@character_set_client */;
/*!40101 SET character_set_client = utf8 */;
CREATE TABLE `user` (
  `userno` int(11) NOT NULL AUTO_INCREMENT COMMENT '회원의 일련번호',
  `name` varchar(10) NOT NULL COMMENT '회원 이름',
  `email` varchar(255) NOT NULL COMMENT '회원가입 과 로그인 할 때의 이메일',
  `passwd` varchar(20) NOT NULL COMMENT '로그인 할 때 비밀번호',
  `tel` varchar(20) NOT NULL COMMENT '회원가입 시 전화번호',
  `regdate` datetime DEFAULT NULL COMMENT '가입일시',
  `editdate` datetime DEFAULT NULL COMMENT '마이페이지 수정일자',
  `profile_img` varchar(255) DEFAULT NULL COMMENT '마이페이지의 프로필사진',
  PRIMARY KEY (`userno`)
) ENGINE=InnoDB AUTO_INCREMENT=111 DEFAULT CHARSET=utf8;
/*!40101 SET character_set_client = @saved_cs_client */;

--
-- Dumping data for table `user`
--

LOCK TABLES `user` WRITE;
/*!40000 ALTER TABLE `user` DISABLE KEYS */;
INSERT INTO `user` VALUES (1,'세입자','1@','1','010-5250-8622','2019-02-02 00:00:00','2019-12-22 00:00:00',NULL),(2,'방주인','2@','2','010-1956-2631','2019-07-24 00:00:00','2019-12-23 19:12:59',NULL),(3,'관리자','admin','admin','010-9842-9568','2019-09-04 00:00:00',NULL,NULL),(4,'정도윤','Xk3@naver.com','1479','010-4710-3549','2019-08-12 00:00:00',NULL,NULL),(5,'최시우','Cd1@naver.com','3962','010-1359-2483','2019-07-06 00:00:00',NULL,NULL),(6,'조주원','Ho8@naver.com','3117','010-2155-8214','2019-03-12 00:00:00',NULL,NULL),(7,'강지호','Yn0@naver.com','1043','010-6953-2178','2019-09-27 00:00:00',NULL,NULL),(8,'윤하준','Ae4@naver.com','9369','010-7259-8791','2019-05-21 00:00:00',NULL,NULL),(9,'장지후','Le7@gmail.com','3682','010-0604-9751','2019-09-10 00:00:00',NULL,NULL),(10,'임준서','Lf4@gmail.com','4582','010-1228-7720','2019-01-08 00:00:00',NULL,NULL),(11,'신준우','Zv7@gmail.com','6473','010-1600-5195','2019-06-12 00:00:00',NULL,NULL),(12,'유현우','Mt6@naver.com','6316','010-5091-3063','2019-05-25 00:00:00',NULL,NULL),(13,'한지훈','Zt4@gmail.com','1042','010-9267-7505','2019-04-12 00:00:00',NULL,NULL),(14,'오도현','Dh2@gmail.com','6394','010-4084-1069','2019-08-10 00:00:00',NULL,NULL),(15,'서건우','Lb6@gmail.com','7504','010-8091-0871','2019-08-04 00:00:00',NULL,NULL),(16,'전우진','Fo3@gmail.com','2585','010-5671-9589','2019-01-15 00:00:00',NULL,NULL),(17,'권민재','Zo5@gmail.com','1972','010-4027-1939','2019-03-31 00:00:00',NULL,NULL),(18,'황현준','Hi7@gmail.com','2931','010-2767-0517','2019-06-02 00:00:00',NULL,NULL),(19,'안선우','Ba7@gmail.com','8977','010-8540-5552','2019-09-06 00:00:00',NULL,NULL),(20,'송서진','Rr5@naver.com','4549','010-6814-0397','2019-06-01 00:00:00',NULL,NULL),(21,'홍연우','Gx8@naver.com','1973','010-5274-4362','2019-04-14 00:00:00',NULL,NULL),(22,'양정우','Dz4@naver.com','8290','010-0483-5710','2019-01-13 00:00:00',NULL,NULL),(23,'고유준','Cl9@gmail.com','3830','010-9782-6570','2019-03-18 00:00:00',NULL,NULL),(24,'문승현','Id0@gmail.com','4542','010-8009-0477','2019-06-18 00:00:00',NULL,NULL),(25,'손준혁','Ot1@hanmail.net','7127','010-7836-6991','2019-01-15 00:00:00',NULL,NULL),(26,'배승우','Sh5@hanmail.net','1614','010-3459-5522','2019-08-13 00:00:00',NULL,NULL),(27,'백지환','Ji5@hanmail.net','2819','010-2537-9683','2019-08-14 00:00:00',NULL,NULL),(28,'허시윤','Rk1@hanmail.net','5070','010-0928-7204','2019-01-23 00:00:00',NULL,NULL),(29,'노승민','Dc3@hanmail.net','7428','010-2054-7853','2019-08-04 00:00:00',NULL,NULL),(30,'남지우','Md5@hanmail.net','7678','010-3909-0643','2019-03-23 00:00:00',NULL,NULL),(31,'심유찬','Ki1@naver.com','3676','010-9094-7360','2019-10-13 00:00:00',NULL,NULL),(32,'하민성','Lo3@naver.com','2248','010-6393-7400','2019-10-18 00:00:00',NULL,NULL),(33,'주준영','Gt8@naver.com','7650','010-6986-7468','2019-09-05 00:00:00',NULL,NULL),(34,'구은우','Na2@naver.com','2467','010-1565-8643','2019-01-11 00:00:00',NULL,NULL),(35,'곽진우','Zm6@naver.com','8607','010-2271-2499','2019-02-05 00:00:00',NULL,NULL),(36,'성시후','Fq4@naver.com','3235','010-9308-8936','2019-06-30 00:00:00',NULL,NULL),(37,'차지원','Rr4@naver.com','6236','010-0243-8256','2019-07-13 00:00:00',NULL,NULL),(38,'우윤우','Al6@naver.com','7777','010-8562-9846','2019-09-22 00:00:00',NULL,NULL),(39,'진수현','Dm9@gmail.com','5520','010-9701-0244','2019-10-13 00:00:00',NULL,NULL),(40,'민동현','Lt0@gmail.com','1798','010-7637-4716','2019-04-29 00:00:00',NULL,NULL),(41,'류재윤','Pp0@gmail.com','1940','010-2691-4874','2019-07-14 00:00:00',NULL,NULL),(42,'나시현','Sk5@gmail.com','2783','010-4743-8877','2019-05-23 00:00:00',NULL,NULL),(43,'지민규','Kc1@gmail.com','9813','010-0955-7165','2019-01-24 00:00:00',NULL,NULL),(44,'엄태윤','Ty5@gmail.com','4255','010-2546-9610','2019-07-30 00:00:00',NULL,NULL),(45,'변재원','Xv0@gmail.com','4446','010-8427-8421','2019-02-10 00:00:00',NULL,NULL),(46,'채민우','Rx1@hanmail.net','9781','010-5052-5916','2019-06-09 00:00:00',NULL,NULL),(47,'원재민','Xg9@hanmail.net','7154','010-8735-8550','2019-05-17 00:00:00',NULL,NULL),(48,'방은찬','Ks5@naver.com','4346','010-9179-6865','2019-08-15 00:00:00',NULL,NULL),(49,'천한결','Kn3@naver.com','5764','010-2302-9477','2019-04-14 00:00:00',NULL,NULL),(50,'공시원','Tx0@naver.com','7503','010-7903-7618','2019-04-18 00:00:00',NULL,NULL),(105,'김수진','ksjbabo@naver.com','1234','010-1234-1234','2019-12-17 17:10:21','2019-12-17 17:10:21',NULL),(106,'김수진','ksj@naver.com','1234','010-1234-1234','2019-12-17 17:12:02','2019-12-17 17:12:02',NULL),(107,'슈지','suzy@naver.com','123','010-1234-1234','2019-12-17 17:18:33','2019-12-17 17:18:33',NULL),(108,'조수민','gju031@gmail.com','1234','010-1234-1234','2019-12-19 18:37:11','2019-12-19 18:37:11',NULL),(109,'김수진짱','air1330@naver.com','1234','010-1234-1234','2019-12-23 19:19:44','2019-12-23 19:19:44',NULL),(110,'헬로월드','leekh4232@gmail.com','0314','010-1234-2345','2020-01-05 21:03:54','2020-01-04 00:00:00','15782318748340.png');
/*!40000 ALTER TABLE `user` ENABLE KEYS */;
UNLOCK TABLES;
/*!40103 SET TIME_ZONE=@OLD_TIME_ZONE */;

/*!40101 SET SQL_MODE=@OLD_SQL_MODE */;
/*!40014 SET FOREIGN_KEY_CHECKS=@OLD_FOREIGN_KEY_CHECKS */;
/*!40014 SET UNIQUE_CHECKS=@OLD_UNIQUE_CHECKS */;
/*!40101 SET CHARACTER_SET_CLIENT=@OLD_CHARACTER_SET_CLIENT */;
/*!40101 SET CHARACTER_SET_RESULTS=@OLD_CHARACTER_SET_RESULTS */;
/*!40101 SET COLLATION_CONNECTION=@OLD_COLLATION_CONNECTION */;
/*!40111 SET SQL_NOTES=@OLD_SQL_NOTES */;

-- Dump completed on 2020-01-07 21:05:01
